PlayerID,GW1,GW2,GW3,GW4,GW5,GW6,GW7,GW8,GW9,GW10,GW11,GW12,GW13,GW14,GW15,GW16,GW17,GW18,GW19,GW20,GW21,GW22,GW23,GW24,GW25,GW26,GW27,GW28,GW29,GW30,GW31,GW32,GW33,GW34,GW35,GW36,GW37,GW38
1,0,0,0,0,0,0,0,0,0,0,0,0,0,1,0,1,0,0,0,0,0,0,1,0,0,1,0,0,1,2,0,0,1,2,0,0,0,0
2,0,0,2,3,2,3,0,1,2,2,2,11,2,10,2,5,6,2,14,3,2,6,6,11,2,2,2,0,2,3,3,2,2,5,9,8,2,3
3,2,12,6,2,2,2,0,5,9,2,3,0,10,3,3,1,5,2,2,3,5,2,4,2,6,1,3,9,9,1,2,0,1,13,3,1,2,15
4,0,0,0,2,0,0,0,0,0,0,0,0,0,0,1,1,1,1,0,0,0,0,0,0,0,0,0,0,0,0,0,0,0,0,0,0,0,0
5,0,0,0,1,1,0,0,0,0,0,1,0,0,0,1,0,0,1,0,0,1,0,0,1,0,0,0,2,2,1,1,1,6,1,0,0,0,0
6,3,2,3,0,0,0,0,3,10,2,3,0,2,9,3,2,2,1,3,3,2,1,3,0,2,8,3,2,1,2,1,2,1,1,1,0,2,3
7,3,2,16,10,1,2,0,0,2,4,6,0,2,10,3,16,11,13,2,9,5,2,4,8,11,2,7,2,6,2,10,7,2,15,10,2,2,3
8,1,1,1,2,2,0,0,6,1,1,1,0,1,1,1,0,2,0,0,1,0,0,0,1,1,0,1,4,1,1,1,0,0,1,1,1,1,1
9,0,0,0,0,0,0,0,0,0,0,0,0,0,0,0,0,0,0,0,0,0,0,0,0,0,0,0,0,0,0,0,0,0,0,0,0,0,0
10,5,1,7,1,8,1,0,6,5,1,6,0,6,6,5,8,2,1,7,8,0,2,3,1,13,7,6,5,8,0,6,4,0,2,6,1,2,6
11,1,1,1,1,1,1,0,1,1,1,1,0,1,1,0,0,6,8,1,2,13,2,6,2,5,0,0,0,0,0,1,1,1,0,0,1,1,1
12,0,1,1,0,1,1,0,0,0,0,0,0,0,0,0,0,0,0,0,1,0,0,0,0,1,4,0,1,1,0,0,0,1,0,0,1,0,4
13,6,2,3,5,5,7,0,9,2,15,9,0,1,4,5,3,9,6,3,6,9,2,15,6,15,2,3,18,1,1,0,13,2,2,3,2,2,6
14,0,0,1,1,1,1,0,1,1,1,6,0,2,6,0,0,0,0,1,1,4,1,0,1,1,1,1,0,0,0,0,0,0,0,0,0,0,0
15,6,1,6,2,2,2,0,6,2,1,10,0,2,6,6,6,3,2,6,11,1,3,3,2,13,1,6,3,3,1,1,2,1,3,10,2,2,6
16,7,1,7,9,2,1,0,6,2,1,8,0,2,6,15,5,2,0,6,5,1,2,3,1,15,1,14,2,2,1,1,1,0,2,7,1,1,6
17,0,0,0,0,0,0,0,0,0,0,0,0,0,0,0,0,0,0,0,0,0,0,0,0,0,0,0,0,0,0,0,0,0,0,0,0,0,0
18,1,0,1,0,2,2,0,1,1,0,0,0,0,0,0,0,0,0,0,0,0,1,0,3,3,2,4,0,0,0,1,0,1,0,0,0,0,0
19,8,8,6,2,10,2,0,3,4,12,3,0,2,8,3,6,8,10,3,2,2,1,5,6,26,2,8,7,5,13,5,9,1,1,6,1,0,0
20,0,0,0,0,0,0,0,0,0,0,0,0,0,0,0,0,0,0,0,0,0,0,0,0,0,0,0,0,0,0,0,0,0,0,0,0,0,0
21,0,0,0,0,0,1,0,0,1,0,2,2,0,1,2,1,1,2,0,1,0,0,1,3,2,3,0,4,1,2,2,0,1,1,2,2,0,0
22,0,0,0,0,0,0,0,0,0,0,0,0,0,0,0,0,0,0,0,0,0,0,0,0,0,0,0,0,0,0,0,0,0,0,0,0,0,0
23,0,0,0,0,0,0,0,0,0,0,0,0,0,19,0,1,0,0,0,0,0,0,0,0,0,11,1,0,0,0,1,4,1,1,1,1,0,1
24,0,0,0,0,0,0,0,0,0,0,0,0,0,0,0,0,0,0,0,0,0,0,0,0,0,0,0,0,0,0,0,0,0,0,0,0,0,0
25,0,0,0,0,0,1,0,10,1,1,1,0,1,1,0,6,1,0,0,1,0,1,2,4,1,2,1,0,1,0,1,1,0,0,0,0,1,1
26,8,-1,14,7,1,0,0,15,1,1,5,0,2,7,8,6,2,1,7,6,1,2,3,1,12,1,7,0,0,0,0,0,0,0,0,0,0,0
27,0,0,0,0,0,0,0,1,0,0,0,0,0,0,0,0,0,0,0,0,0,0,0,0,0,0,0,0,0,0,0,0,0,0,0,0,0,0
28,2,19,4,1,6,1,0,6,8,5,2,0,2,9,2,2,0,0,0,0,0,0,0,0,0,0,1,1,12,7,7,2,2,7,2,2,1,12
29,2,0,1,3,1,1,0,2,3,2,1,0,1,1,0,0,1,1,0,1,1,1,1,8,0,0,0,0,0,0,0,0,0,0,0,0,0,0
30,1,6,1,2,1,0,0,1,1,1,2,2,12,2,1,13,1,1,8,1,1,1,1,1,13,2,2,0,3,2,0,1,1,2,0,2,5,3
31,1,3,10,2,3,3,0,6,6,2,1,2,7,1,2,1,0,0,2,1,10,0,2,-3,9,7,3,7,14,9,6,1,5,3,2,2,2,3
32,0,1,0,2,0,0,0,0,0,0,0,0,1,0,0,0,0,0,0,0,0,0,1,0,0,1,1,1,1,0,1,1,1,1,0,0,0,0
33,1,-1,1,2,1,1,0,7,0,0,0,0,0,1,10,2,1,7,2,1,0,0,-1,0,6,1,1,0,1,0,0,1,1,1,1,0,0,2
34,0,0,0,0,0,0,0,0,0,0,0,0,0,0,0,0,0,0,0,0,0,0,0,0,0,0,1,1,7,8,0,1,0,1,1,0,0,0
35,0,0,0,0,0,0,0,0,0,0,0,0,0,-1,0,0,3,7,0,0,0,0,0,0,0,0,0,0,0,0,0,1,0,0,0,0,0,0
36,0,0,0,0,0,0,0,0,0,0,0,0,0,0,1,0,0,0,0,1,0,0,0,0,0,0,0,0,0,0,0,0,0,0,0,0,0,0
37,2,2,1,2,1,2,0,3,3,1,2,2,1,1,1,4,2,6,0,0,0,0,1,2,12,3,2,2,10,3,3,2,6,2,2,1,2,1
38,0,0,0,0,0,0,0,0,0,0,0,0,0,0,0,0,0,0,0,0,0,0,0,0,0,0,0,0,0,0,0,0,0,0,0,0,0,0
39,0,2,1,0,1,2,0,9,6,2,1,-2,10,0,1,1,1,5,7,2,6,0,0,0,7,8,2,12,10,6,6,2,15,2,1,2,1,1
40,1,11,6,2,2,2,0,2,2,2,2,2,6,1,5,0,6,5,2,1,8,11,7,8,6,2,8,5,17,7,16,2,2,2,1,4,0,9
41,0,0,0,0,0,0,0,0,0,0,0,0,0,0,0,0,0,0,0,0,0,0,0,0,0,0,0,0,0,0,0,0,0,0,0,0,0,0
42,1,8,2,1,2,1,0,1,1,2,1,1,3,2,2,2,2,10,2,11,3,5,1,2,6,3,2,8,9,3,3,5,3,2,2,3,1,1
43,1,2,1,1,1,0,0,0,0,2,1,0,6,0,2,1,0,1,2,0,1,1,1,3,6,12,2,6,0,0,0,0,0,0,0,1,2,1
44,1,1,1,2,0,2,0,7,6,1,1,1,6,0,2,2,1,5,2,2,7,0,0,0,7,7,2,6,8,5,6,2,8,2,2,2,1,2
45,2,1,5,1,2,8,0,3,2,0,2,0,13,2,7,0,2,3,2,12,3,2,1,1,3,1,2,6,3,1,0,0,0,0,1,6,1,2
46,0,0,1,3,7,2,0,1,4,2,2,-1,6,2,2,6,5,11,2,2,5,2,5,1,3,2,2,11,8,3,3,8,3,2,1,10,9,7
47,0,2,2,1,1,5,0,10,3,1,2,2,1,1,14,2,0,0,0,3,3,1,2,1,3,3,2,9,8,6,13,2,3,2,2,8,8,9
48,0,0,0,0,0,0,0,0,0,1,0,1,1,0,0,0,0,1,3,3,1,0,0,0,0,1,1,1,0,0,0,0,0,0,0,0,3,1
49,0,0,0,0,0,0,0,0,0,0,0,0,0,0,0,0,0,0,0,0,0,0,0,0,0,0,0,0,0,0,0,0,0,0,0,0,0,0
50,1,2,0,0,0,0,0,0,0,0,0,0,0,0,0,0,0,0,0,0,0,0,0,0,0,0,0,0,0,0,0,0,0,0,1,0,0,0
51,0,0,0,0,0,0,0,0,0,0,0,0,0,0,0,0,0,0,0,0,0,0,0,0,0,0,0,0,0,0,0,0,0,0,0,0,0,0
52,0,0,0,0,0,0,0,0,0,0,0,0,0,0,0,0,0,0,0,0,0,0,0,0,0,0,0,0,0,0,0,0,0,0,0,0,0,0
53,2,2,2,1,2,2,0,1,0,0,0,0,0,0,1,1,2,3,2,4,3,2,2,2,3,1,0,0,0,0,0,0,0,0,1,1,2,2
54,1,0,0,1,0,0,0,0,0,1,0,1,1,0,0,1,0,0,0,0,0,0,0,0,0,0,0,0,0,0,0,0,0,0,0,0,0,0
55,0,0,0,0,0,0,0,0,0,0,0,0,0,0,0,0,0,0,0,0,0,0,0,0,0,0,0,0,0,0,0,0,0,0,0,0,0,0
56,0,0,0,0,0,0,0,0,0,0,0,0,0,0,0,0,0,0,0,0,0,0,0,0,0,0,0,0,0,0,0,0,0,0,0,0,0,0
57,5,-1,0,-2,6,1,0,2,8,2,1,2,1,5,0,8,1,1,0,0,2,1,1,5,-1,1,6,2,3,5,1,1,1,1,1,1,2,1
58,1,1,0,0,0,0,0,0,0,0,0,1,0,0,1,0,0,0,0,0,0,0,0,0,0,0,0,0,0,0,0,0,0,0,0,0,0,0
59,0,0,0,0,1,1,0,0,0,1,1,2,1,1,1,0,0,0,0,0,0,0,1,0,1,0,1,0,0,0,0,0,0,0,0,0,0,0
60,0,0,0,0,0,0,0,0,0,0,0,0,0,0,0,0,0,0,0,0,0,0,0,0,0,0,0,1,1,0,0,0,0,0,1,0,1,1
61,0,1,0,0,0,0,0,0,0,0,0,0,0,0,0,0,0,1,0,0,0,0,0,0,0,0,0,0,0,0,0,0,0,0,0,0,0,0
62,6,2,2,2,1,1,0,1,2,1,1,1,1,13,2,6,2,2,1,2,2,0,0,0,0,0,0,1,0,0,0,0,1,1,0,1,1,1
63,0,0,0,1,0,0,0,0,0,0,0,0,0,0,0,0,0,0,0,0,0,0,0,0,0,0,0,0,0,0,0,0,0,0,0,0,0,0
64,10,0,2,2,3,2,0,2,2,2,7,2,1,2,1,3,2,2,2,2,2,2,2,1,7,0,3,1,3,3,2,2,2,15,2,1,2,2
65,0,-1,0,0,0,1,0,1,0,1,1,0,0,0,1,0,0,0,0,1,0,0,0,0,0,0,0,0,0,0,0,0,0,1,0,0,0,0
66,2,0,0,1,2,12,0,2,2,8,12,2,1,2,6,5,2,1,2,0,0,0,2,5,5,2,2,2,11,2,15,2,5,8,2,2,2,1
67,1,2,1,2,3,6,0,2,3,2,2,2,2,1,2,5,2,2,2,1,0,0,0,0,0,1,1,0,0,1,0,1,0,1,1,1,1,0
68,2,2,1,1,0,0,0,0,0,0,0,0,0,0,0,1,0,0,0,1,1,0,0,0,0,0,0,0,0,0,0,0,0,0,0,0,0,0
69,1,2,1,1,3,2,0,1,1,9,2,2,1,0,0,1,1,1,2,2,2,1,0,0,0,1,1,0,5,3,1,2,3,2,5,1,2,2
70,2,1,2,1,3,7,0,9,3,10,5,2,2,2,7,3,2,1,1,2,0,3,2,2,1,10,10,1,4,11,2,2,3,5,2,1,0,2
71,7,-1,1,-4,8,1,0,2,6,2,1,1,0,1,-1,0,0,0,1,1,0,2,1,1,-3,0,0,0,0,8,1,0,6,0,0,1,0,0
72,6,1,2,-1,0,0,0,0,0,0,0,0,1,2,0,8,2,2,2,0,0,0,0,0,0,0,0,0,0,0,0,0,0,0,0,0,0,3
73,12,0,1,0,6,4,0,0,0,0,0,0,0,0,0,0,1,0,1,1,1,0,0,0,0,0,6,1,3,5,1,1,8,2,1,1,2,2
74,0,0,0,0,0,0,0,0,0,0,0,1,0,0,0,0,1,1,1,1,1,0,0,0,0,0,0,0,0,0,0,0,0,0,0,0,0,0
75,0,0,1,2,1,7,0,1,0,1,1,0,1,1,0,6,1,1,2,2,10,3,2,1,1,1,2,1,1,0,1,1,0,4,1,1,2,1
76,6,0,0,-2,6,0,0,6,6,0,1,0,1,1,0,6,1,1,0,0,2,2,2,6,0,2,0,0,0,0,0,0,0,0,0,0,0,0
77,0,0,0,0,0,0,0,0,0,0,0,0,0,0,0,0,0,0,0,0,0,0,0,0,0,0,0,0,0,0,0,0,0,0,0,0,0,0
78,1,6,1,0,0,1,0,1,6,0,0,0,0,0,0,0,0,1,0,0,0,0,0,0,0,0,1,1,9,1,0,0,0,0,0,0,0,0
79,2,3,8,2,0,0,0,0,0,0,0,0,0,0,0,1,6,6,5,3,3,3,4,1,0,7,9,1,3,2,2,0,0,0,0,0,0,0
80,8,9,8,2,1,17,0,2,1,5,12,2,2,1,0,13,5,12,0,9,1,1,9,2,0,8,13,2,11,4,2,9,2,7,2,0,0,0
81,2,7,3,6,3,2,0,2,6,0,10,10,2,3,2,3,3,9,3,5,10,7,6,3,0,2,9,2,8,0,5,2,9,2,3,7,4,6
82,0,0,0,0,0,0,0,0,0,0,1,0,1,1,1,0,0,0,1,0,0,0,0,0,0,0,0,0,0,0,0,0,0,0,0,0,0,0
83,6,8,1,2,1,1,0,2,1,1,1,1,1,2,2,4,1,8,1,6,1,3,1,3,0,1,1,1,2,2,2,1,0,9,1,1,1,1
84,0,0,0,0,0,0,0,1,6,0,6,0,0,2,0,0,0,0,0,6,6,0,2,0,0,0,0,0,0,0,0,0,0,0,0,0,0,0
85,4,6,1,2,2,1,0,1,6,0,6,6,0,2,1,2,1,6,2,0,6,11,2,2,0,1,8,2,3,5,1,2,5,0,1,6,1,7
86,2,1,1,6,8,2,0,2,3,1,3,3,2,2,0,2,8,1,2,3,1,1,2,7,0,1,3,0,0,1,1,2,3,2,2,3,2,2
87,0,0,1,0,1,0,0,0,0,1,1,1,0,0,1,0,1,1,1,0,0,0,0,0,0,0,1,0,1,0,1,0,0,1,0,1,0,1
88,1,14,4,2,2,2,0,2,3,2,2,3,2,1,5,1,4,1,5,10,3,8,2,2,0,10,5,10,7,2,1,2,2,2,2,6,2,0
89,2,1,5,1,7,6,0,1,1,1,3,1,1,2,12,1,1,1,8,3,0,6,1,3,0,2,7,2,2,1,1,1,3,1,1,8,12,2
90,0,6,0,0,0,0,0,0,0,0,1,6,0,1,1,2,1,6,2,1,6,1,2,0,0,1,0,0,2,0,0,0,6,0,0,1,1,1
91,1,1,0,1,0,0,0,0,0,0,0,0,0,0,0,0,0,0,1,0,0,0,0,0,0,0,0,0,0,0,0,0,0,0,0,0,0,0
92,0,0,0,0,0,0,0,0,0,-2,7,6,0,2,1,2,1,7,2,6,6,6,2,2,0,7,8,2,9,1,1,2,6,2,2,7,2,15
93,0,1,0,0,1,1,0,1,1,1,6,1,1,1,1,2,0,0,0,0,0,0,0,0,0,0,2,0,0,0,0,1,3,7,2,1,1,3
94,1,1,1,1,2,4,0,1,3,2,0,1,1,0,0,0,0,0,0,0,0,0,0,1,0,0,0,-2,1,1,1,0,4,1,1,1,1,1
95,2,6,2,2,2,8,0,2,2,2,2,2,2,4,6,1,1,1,12,2,2,12,2,5,0,2,4,2,11,1,2,7,6,2,1,9,16,5
96,0,0,0,0,0,0,0,0,0,0,0,0,0,0,0,0,0,0,0,0,0,0,0,0,0,0,0,0,0,0,0,0,0,0,0,0,0,0
97,0,0,0,0,0,0,0,0,0,0,0,0,0,0,0,0,0,0,0,0,0,0,0,0,0,0,0,0,0,0,0,0,0,0,0,0,0,0
98,0,0,0,0,0,0,0,0,0,0,0,0,0,0,0,0,0,0,0,0,0,0,0,0,0,0,0,0,0,0,0,0,0,0,0,0,0,0
99,0,0,0,0,0,0,0,0,0,0,0,0,0,0,0,0,0,0,0,0,0,0,0,0,0,0,0,0,0,0,0,0,0,0,0,0,0,0
100,0,0,0,0,0,0,0,0,0,0,0,0,0,0,0,0,0,0,0,0,0,0,0,0,0,0,0,0,0,0,0,0,0,0,0,0,0,0
101,2,3,3,0,0,0,0,0,1,1,1,3,1,2,13,1,9,2,1,3,1,0,0,0,0,0,0,0,0,0,0,0,0,0,0,0,0,0
102,0,0,0,0,0,0,0,0,0,0,0,0,0,0,0,0,0,0,0,0,0,0,0,0,0,6,11,0,10,1,0,0,10,15,-2,7,5,2
103,7,2,5,2,1,5,0,0,5,2,2,2,2,0,1,1,0,0,0,5,2,1,0,0,0,5,3,0,7,2,5,0,1,17,1,2,3,0
104,15,3,6,11,2,5,0,0,2,2,2,3,1,7,9,1,2,6,8,3,2,3,2,2,0,6,5,0,7,1,5,0,0,14,2,6,11,5
105,1,0,1,0,0,0,0,0,0,1,0,0,1,0,0,0,0,0,0,0,0,0,0,0,0,0,0,0,0,0,0,0,0,0,0,0,0,0
106,2,7,6,7,-1,1,0,0,1,2,1,8,1,2,1,1,2,3,2,5,1,6,2,2,0,6,8,0,7,8,2,0,1,11,-1,6,2,0
107,5,2,3,3,2,5,0,0,6,2,2,3,5,2,2,2,13,1,11,19,2,3,10,2,0,3,11,0,8,7,5,0,5,2,1,0,0,0
108,2,6,6,5,1,1,0,0,-1,2,1,6,1,2,1,0,0,0,0,1,0,1,2,6,0,6,2,0,9,1,2,0,0,11,0,0,0,1
109,2,8,8,6,1,1,0,0,1,1,1,7,1,0,1,1,5,0,6,1,1,5,2,2,0,13,7,0,7,1,0,0,0,5,0,0,1,0
110,0,0,0,0,0,2,0,9,2,2,1,1,1,1,1,2,2,0,1,0,0,0,1,2,4,1,1,0,0,1,2,1,0,0,1,1,1,0
111,1,3,8,6,2,12,0,0,20,2,2,3,7,7,5,2,2,1,0,0,1,1,7,2,12,1,15,5,5,1,1,1,4,1,1,2,2,9
112,0,4,1,5,1,1,0,0,0,7,1,6,1,1,2,1,6,2,3,0,6,6,2,0,0,0,1,0,7,1,0,0,0,0,0,0,0,0
113,4,6,8,8,1,1,0,0,2,2,1,6,1,5,2,1,9,1,3,7,1,8,2,2,0,0,0,0,0,0,1,0,0,0,0,0,0,0
114,1,1,0,1,1,1,0,0,1,1,0,0,1,1,0,1,1,0,1,1,1,6,1,1,0,1,0,0,0,0,0,0,0,0,0,0,0,0
115,0,0,0,0,0,0,0,0,0,0,0,0,0,0,0,0,0,0,0,0,0,0,0,0,0,0,0,0,0,0,0,0,0,0,0,0,0,0
116,0,2,11,2,10,14,0,0,2,2,2,2,2,2,2,9,0,0,1,3,1,0,1,2,0,14,10,0,9,2,2,0,2,12,8,3,6,2
117,0,0,0,0,0,0,0,0,0,0,0,0,0,0,0,0,0,0,0,0,0,0,0,0,0,0,0,0,0,0,0,0,0,0,0,0,0,0
118,1,1,1,1,2,5,0,0,0,0,0,0,0,0,0,0,0,0,0,0,0,0,0,0,0,0,0,0,0,0,0,0,0,0,0,0,0,0
119,0,0,0,0,0,0,0,0,0,0,0,0,1,1,0,0,1,0,6,1,0,4,0,0,0,1,1,0,0,0,0,0,0,0,0,0,0,0
120,2,3,3,3,2,7,0,0,2,2,1,2,1,2,2,1,1,0,5,3,2,0,2,2,0,3,3,0,5,2,2,0,2,3,2,5,4,0
121,0,0,0,0,0,0,0,0,0,0,0,0,0,0,0,0,0,0,0,0,0,0,0,0,0,0,0,0,0,0,0,0,0,0,0,0,0,0
122,0,0,0,0,0,0,0,0,0,0,0,0,0,0,0,0,0,0,0,0,0,0,0,0,0,0,0,0,0,0,0,0,0,0,0,0,0,0
123,1,0,0,0,1,1,0,0,0,0,1,1,1,0,1,1,0,0,0,0,0,2,1,1,0,0,0,0,5,0,0,0,1,13,1,13,2,5
124,0,1,1,1,1,0,0,0,4,1,1,0,0,5,8,0,2,7,8,6,10,11,2,2,0,13,12,0,14,2,2,0,2,4,5,5,7,1
125,0,0,0,0,0,0,0,0,0,0,0,0,0,3,0,1,0,1,1,0,0,1,0,0,0,1,1,0,8,1,9,0,2,10,1,7,8,2
126,0,0,0,0,0,0,0,0,0,0,0,0,0,0,0,0,0,0,0,0,0,0,0,0,0,0,0,0,0,0,0,0,0,0,0,0,0,0
127,7,1,1,1,1,0,0,0,0,5,1,9,2,0,1,1,1,1,3,1,1,1,0,2,0,0,0,0,0,0,0,0,-1,1,1,0,2,2
128,6,1,1,2,1,8,0,0,6,0,7,0,2,0,2,2,6,2,3,8,6,6,2,0,1,0,0,0,0,0,0,0,1,1,2,0,2,2
129,0,0,0,0,0,0,0,0,0,0,0,0,0,0,0,0,0,0,0,0,0,0,0,0,0,0,0,0,0,0,0,0,0,0,0,0,0,0
130,11,2,2,2,2,1,0,0,1,2,1,3,8,0,2,1,3,2,1,2,3,1,2,5,4,0,0,1,1,0,1,0,1,2,6,1,2,3
131,0,0,0,0,0,0,0,0,0,0,0,0,0,0,0,0,0,0,0,0,0,0,0,0,0,0,0,0,0,0,0,0,0,0,0,0,0,0
132,0,0,0,1,1,2,0,0,1,4,3,3,1,1,1,2,0,1,3,1,0,0,0,1,0,3,9,2,3,1,1,0,2,4,0,1,0,1
133,0,0,0,0,0,0,0,0,2,6,10,8,3,0,0,0,9,3,3,10,9,10,2,2,1,6,3,1,8,3,6,0,1,3,3,0,3,3
134,3,2,0,0,0,0,0,0,0,0,0,0,0,0,0,0,0,0,0,0,0,0,0,0,0,0,0,0,4,0,0,0,2,2,5,0,0,0
135,0,0,1,0,2,0,0,0,0,1,0,0,0,1,0,1,0,1,3,6,3,1,1,0,1,0,0,0,0,0,1,0,0,1,4,1,4,0
136,1,2,2,2,1,1,0,0,1,3,3,3,3,0,2,1,0,0,0,0,0,0,3,0,2,3,2,1,1,0,0,0,0,0,1,4,3,1
137,0,0,0,0,0,0,0,0,0,0,0,0,0,0,0,0,0,0,0,0,0,0,0,0,0,0,0,0,0,0,0,0,0,0,0,0,0,0
138,0,0,0,0,0,0,0,0,0,0,0,0,0,0,0,0,0,0,0,0,0,0,0,0,0,0,0,0,0,0,0,0,0,0,0,0,0,0
139,9,0,1,1,1,10,0,0,2,0,5,0,2,1,0,0,0,0,0,0,0,1,1,2,1,10,8,1,9,0,1,0,1,1,2,0,0,0
140,1,1,1,1,0,1,0,0,4,8,0,1,1,2,1,1,3,2,1,0,0,0,0,0,0,0,1,3,1,1,1,0,0,0,0,0,2,1
141,0,0,0,2,0,0,0,0,0,6,6,6,2,-2,1,2,1,0,0,6,5,0,0,1,0,1,1,1,0,1,0,0,1,1,2,2,2,1
142,3,2,2,1,5,1,0,0,1,12,15,3,2,2,2,2,10,2,4,3,3,3,1,2,0,0,0,0,0,0,1,0,0,0,0,0,0,0
143,0,0,0,0,0,0,0,0,0,0,0,0,0,0,0,0,0,0,0,0,0,0,0,0,0,0,0,0,0,0,0,0,0,0,0,0,0,0
144,0,0,0,0,0,0,0,0,0,0,0,0,0,0,0,0,0,0,0,0,0,0,0,0,0,0,0,0,0,0,0,0,0,0,0,0,0,0
145,2,1,2,1,2,6,0,0,2,6,1,2,0,9,2,1,12,2,4,6,2,2,2,1,1,2,9,8,4,2,0,0,0,1,2,1,3,1
146,7,7,1,7,0,1,0,0,2,1,0,0,0,0,0,0,1,0,0,0,0,1,2,0,1,0,0,3,7,2,1,0,0,0,0,0,0,0
147,7,1,2,3,2,2,0,0,0,0,0,0,0,2,2,2,0,0,0,0,0,0,0,0,0,0,0,0,0,0,0,0,0,0,0,1,0,0
148,1,1,2,-2,0,1,0,0,8,3,1,1,0,5,0,2,1,0,2,2,3,2,1,1,0,0,1,1,2,1,8,0,1,0,10,1,4,2
149,0,0,0,0,0,1,0,0,0,1,0,0,1,0,1,0,1,1,0,0,0,1,0,0,0,0,0,0,0,0,0,0,0,6,1,5,2,0
150,1,1,0,0,1,1,0,0,1,5,1,2,4,1,1,2,0,0,0,0,0,0,0,0,0,0,0,0,0,0,0,0,0,0,0,0,0,0
151,0,0,0,0,0,0,0,0,0,0,0,0,0,0,0,0,0,0,0,0,0,0,0,0,0,0,0,0,0,0,0,0,0,0,0,0,0,0
152,1,2,3,0,2,7,0,0,1,3,11,3,2,9,2,2,3,7,0,6,10,2,4,3,9,2,3,0,2,0,0,0,0,0,0,0,0,0
153,0,0,0,0,0,0,0,0,1,0,0,0,0,0,0,0,-3,0,0,1,0,0,9,0,0,0,0,-1,0,0,1,0,0,0,0,0,0,0
154,0,0,0,0,0,0,0,0,0,0,0,0,0,0,0,0,0,0,0,0,0,0,0,0,0,1,0,0,0,1,0,0,0,0,0,1,0,1
155,0,0,0,0,0,0,0,0,0,0,0,0,0,0,0,0,0,0,0,0,0,0,0,0,0,0,0,0,0,0,0,0,0,0,0,0,0,0
156,0,1,2,0,2,5,0,0,1,2,8,1,1,7,0,0,0,6,0,0,6,0,0,0,0,0,1,0,2,1,6,7,1,1,1,7,7,2
157,0,2,0,1,2,1,0,0,1,0,0,0,0,0,2,2,2,6,0,3,1,1,2,2,5,2,8,0,0,1,0,0,0,0,0,0,0,0
158,1,1,1,0,1,0,0,0,0,1,1,0,2,3,1,0,1,0,0,1,0,0,0,0,0,0,2,2,0,1,1,1,1,1,0,0,0,0
159,2,2,2,2,1,3,0,0,5,2,3,1,2,1,1,1,2,10,2,3,3,2,2,1,3,2,2,1,4,14,3,3,2,6,1,6,2,2
160,2,7,12,0,7,3,0,0,2,5,3,8,1,2,12,0,2,3,2,4,3,0,0,0,0,1,4,2,1,0,0,0,0,7,1,1,0,0
161,2,2,1,2,3,3,0,0,1,2,3,2,0,3,2,1,2,3,1,6,3,6,2,2,3,0,4,8,2,5,3,3,0,8,1,0,0,0
162,0,0,0,0,0,0,0,0,0,0,0,0,0,0,0,0,0,0,0,0,0,0,0,0,0,0,0,0,0,0,0,0,0,0,0,0,0,0
163,1,1,1,1,0,0,0,0,1,1,0,0,0,1,0,1,1,1,1,1,0,2,0,0,0,1,0,1,1,4,1,1,2,0,1,3,2,10
164,0,0,0,0,0,0,0,0,0,0,1,1,0,1,0,0,1,0,0,0,0,0,0,0,0,0,0,0,0,0,0,0,0,0,0,1,0,1
165,1,1,2,6,2,7,0,0,0,2,5,2,1,6,2,2,1,5,0,1,0,0,0,1,5,0,3,0,2,2,5,6,-1,1,1,6,1,2
166,1,0,5,2,1,1,0,0,5,8,2,5,2,6,0,1,0,1,1,3,2,2,1,1,1,0,3,2,2,6,2,2,1,1,1,1,8,2
167,-1,2,2,-1,2,6,0,0,1,1,7,1,0,6,2,1,0,6,0,3,5,1,2,2,6,2,4,0,1,8,7,6,1,1,2,6,1,2
168,1,0,5,0,1,2,0,0,1,1,1,1,0,0,0,1,0,1,1,2,1,1,2,2,2,1,1,0,7,1,1,1,1,0,0,0,1,1
169,2,6,3,5,3,3,0,0,2,10,3,10,2,3,6,2,1,8,2,2,3,1,1,9,1,1,2,1,4,8,16,3,2,9,2,16,5,2
170,1,2,6,1,1,6,0,0,1,1,1,2,1,11,2,0,-3,0,0,4,7,0,1,6,6,2,4,0,2,2,6,5,1,1,2,8,1,2
171,0,1,1,1,3,1,0,0,2,5,1,5,2,3,10,2,2,12,2,11,0,2,2,8,3,2,4,2,2,14,3,3,2,5,2,6,2,6
172,0,0,0,0,0,0,0,0,0,0,0,0,0,0,0,0,0,0,0,0,0,0,0,0,0,0,0,0,0,0,0,0,0,0,0,0,0,0
173,1,0,0,0,0,0,0,0,0,0,0,0,1,0,0,1,0,0,0,0,0,0,0,0,0,0,0,0,0,0,0,0,0,0,0,0,0,0
174,0,0,0,0,0,0,0,0,0,0,0,0,0,0,0,0,0,0,0,0,0,0,0,0,0,0,0,0,0,0,0,0,0,0,0,0,0,0
175,0,0,0,0,0,0,0,0,0,0,0,0,0,0,0,0,0,0,0,0,0,0,0,0,0,0,0,0,0,4,9,10,0,1,2,6,1,3
176,0,0,0,0,0,0,0,9,0,0,0,0,0,0,0,0,0,0,0,0,0,0,0,0,0,0,0,0,0,0,0,0,0,0,0,0,0,0
177,0,1,1,1,0,0,0,1,1,1,1,0,0,0,0,0,0,0,0,0,0,0,0,0,0,0,0,0,0,0,0,0,0,0,0,0,0,0
178,0,0,0,0,0,0,0,0,2,1,2,2,6,6,2,2,0,1,1,2,0,8,1,15,2,1,5,1,2,1,0,0,0,0,0,0,0,0
179,0,0,0,0,0,0,0,0,0,0,0,0,0,0,0,0,0,0,0,0,0,0,0,0,0,0,0,0,0,0,0,0,0,0,0,0,0,0
180,0,0,0,1,0,0,0,0,0,0,0,0,0,0,0,0,0,0,0,0,0,0,0,0,0,5,6,1,10,1,1,6,0,1,0,0,7,0
181,1,1,0,0,0,0,0,0,0,0,0,0,0,0,0,0,0,0,0,0,0,0,0,0,0,0,0,0,0,0,0,0,0,0,0,0,0,0
182,3,1,7,2,3,9,0,0,2,1,2,3,6,11,3,2,1,2,1,2,1,5,1,6,2,1,8,2,2,4,2,6,1,10,3,1,3,5
183,0,0,0,0,0,0,0,0,0,0,0,0,0,0,0,0,0,0,0,0,0,0,0,0,0,0,0,0,0,0,0,0,0,0,0,0,0,0
184,0,0,0,0,0,0,0,0,0,0,0,0,0,0,0,0,0,0,0,0,0,0,0,0,0,0,0,0,0,0,0,0,0,0,0,0,0,0
185,2,1,0,0,0,0,0,1,1,0,0,0,1,0,1,1,1,1,0,0,0,3,1,2,3,9,5,13,-2,0,0,0,2,2,13,2,2,11
186,2,2,1,2,5,3,0,6,5,9,2,2,12,3,2,2,2,2,4,2,2,3,2,7,4,2,3,2,2,2,2,3,2,10,5,2,2,3
187,0,0,0,0,0,0,0,0,0,0,0,0,0,0,0,0,0,0,0,0,0,0,0,0,0,0,0,0,0,0,0,0,0,0,0,0,0,0
188,1,0,0,0,0,0,0,0,0,0,0,0,0,0,0,0,11,0,0,0,1,0,0,0,0,0,0,0,0,0,0,0,0,0,1,1,10,8
189,2,2,9,2,2,3,0,3,2,2,2,2,2,3,2,2,1,9,7,5,2,0,1,0,2,6,3,2,2,2,1,3,0,0,0,1,1,3
190,0,0,1,1,1,3,0,0,1,0,0,0,1,0,0,0,0,1,1,0,1,0,1,1,2,0,1,0,1,1,1,0,0,0,0,0,0,0
191,0,0,0,0,0,0,0,0,0,1,1,1,8,2,2,0,0,2,2,2,2,2,0,0,0,0,0,0,0,0,0,1,2,6,4,1,1,0
192,1,1,2,8,0,0,0,0,0,0,0,0,0,0,0,0,0,0,0,0,0,0,0,0,0,0,0,0,0,0,0,3,0,0,0,0,1,0
193,1,0,0,0,0,0,0,0,0,0,0,0,0,0,0,0,1,2,0,1,0,0,0,0,-1,0,6,1,5,1,0,1,0,0,0,0,0,0
194,1,1,2,2,2,6,0,6,2,1,0,2,11,6,1,0,1,2,0,1,0,5,1,6,1,0,1,1,1,1,0,8,0,1,2,0,0,0
195,2,2,1,6,8,3,0,2,1,1,0,1,8,3,1,1,2,0,0,1,0,1,0,1,0,2,0,0,2,1,1,1,1,1,1,2,1,10
196,0,0,0,0,0,0,0,0,0,0,0,0,0,0,0,0,0,0,0,0,0,0,0,0,0,0,0,0,0,0,0,0,0,0,0,0,0,0
197,2,1,2,2,1,6,0,6,0,0,0,0,0,1,1,1,0,1,0,0,0,0,0,0,0,0,0,0,0,1,1,0,0,1,2,1,1,0
198,0,0,0,0,0,0,0,0,0,0,0,0,0,0,0,0,0,0,0,0,0,0,0,0,0,0,0,0,0,0,0,0,0,0,0,0,0,0
199,2,1,2,2,2,6,0,8,2,1,1,1,5,6,1,1,3,1,0,1,0,15,1,8,0,0,8,4,2,1,1,6,0,1,2,1,2,8
200,1,1,1,1,1,1,0,1,1,1,1,1,1,1,1,5,1,1,1,1,1,1,0,0,0,0,0,0,0,1,1,1,1,3,14,3,2,2
201,1,6,1,1,2,1,0,1,0,1,0,8,1,6,1,1,14,2,11,1,2,8,9,6,2,1,1,0,1,2,2,2,2,1,0,0,0,0
202,0,0,0,0,0,0,0,0,0,0,0,0,0,0,0,0,0,0,0,0,0,0,0,0,0,0,0,0,0,0,0,0,0,0,0,0,0,0
203,0,0,0,1,1,0,0,0,-2,0,0,0,0,0,0,0,0,0,1,0,0,0,0,0,0,0,0,0,0,0,0,0,0,0,0,0,0,0
204,2,3,0,2,5,1,0,1,4,5,2,6,1,3,0,0,0,0,0,0,0,0,0,0,0,0,0,0,0,0,0,1,1,1,1,1,0,0
205,1,3,8,1,2,1,0,5,7,2,1,3,8,2,0,1,9,2,5,2,2,2,3,3,1,1,2,0,2,1,1,2,1,3,1,1,1,0
206,0,0,0,0,0,0,0,0,0,0,0,0,0,0,0,0,0,0,0,0,0,0,0,0,0,0,0,0,0,0,0,0,0,0,0,0,0,0
207,0,0,0,0,0,0,0,0,0,0,0,0,0,0,0,0,0,0,0,0,0,0,0,0,0,0,0,0,0,0,0,0,0,0,0,0,0,0
208,0,0,0,0,0,0,0,0,0,0,0,0,0,0,0,0,0,0,0,0,0,0,0,0,0,0,0,0,0,0,0,0,0,0,0,0,0,0
209,1,6,1,1,2,1,0,7,0,1,0,0,1,0,0,0,0,1,7,1,0,0,0,0,0,0,1,0,0,2,1,2,2,3,1,6,0,1
210,13,-1,6,7,9,5,0,2,0,0,7,6,6,1,0,0,15,0,5,0,2,2,2,0,0,1,2,0,0,0,0,0,0,0,0,5,13,-1
211,2,2,2,2,1,2,0,10,1,1,1,10,6,3,1,0,3,2,5,2,2,3,3,3,1,2,2,0,7,-1,8,2,2,3,5,6,2,1
212,0,0,0,0,0,0,0,0,0,1,1,1,2,1,5,1,1,0,2,1,1,0,1,3,1,1,1,0,1,1,7,9,1,7,5,6,5,2
213,1,6,0,0,0,0,0,0,0,0,0,0,0,0,0,0,0,0,0,0,0,0,0,0,0,0,0,0,0,0,0,0,0,0,0,0,0,0
214,0,0,0,0,0,0,0,0,0,0,0,0,0,0,0,0,0,0,0,0,0,0,0,0,0,0,0,0,0,0,0,0,0,0,0,0,0,0
215,3,6,0,2,2,3,0,3,0,0,0,0,0,1,0,0,6,5,7,2,2,6,6,6,2,1,1,0,0,1,2,2,2,0,4,6,1,8
216,0,0,0,0,0,0,0,0,0,1,0,0,0,0,0,1,0,0,0,0,0,0,0,0,0,0,0,0,0,0,0,0,0,0,0,0,0,0
217,1,6,1,0,1,1,0,0,0,1,1,6,0,6,0,1,6,2,8,0,2,6,8,5,7,1,1,0,0,2,2,2,2,3,4,6,0,1
218,0,0,0,0,0,0,0,0,0,0,0,0,0,0,0,0,0,0,0,0,0,0,0,0,0,0,0,0,0,0,0,0,0,0,0,0,0,0
219,0,1,5,1,0,0,0,0,0,0,0,0,0,0,0,0,0,0,0,0,0,0,0,0,0,0,0,0,0,0,0,0,0,0,0,0,0,0
220,2,2,6,1,2,1,0,8,0,2,2,3,2,3,2,2,3,10,4,2,1,2,3,2,1,0,0,0,2,2,2,-1,1,4,2,3,1,1
221,0,0,0,0,0,0,0,0,6,1,2,1,0,2,7,0,1,7,0,1,0,2,0,0,0,0,0,0,1,0,0,0,1,0,0,0,0,-1
222,0,0,0,0,0,3,0,0,1,1,0,0,1,1,1,0,1,5,1,1,8,3,1,2,6,2,1,6,2,0,0,0,1,0,1,9,1,0
223,1,1,1,1,1,0,0,0,1,1,1,1,1,0,0,0,0,1,1,0,0,0,0,0,0,0,0,0,0,0,0,0,0,0,0,0,0,0
224,0,1,1,1,0,0,0,0,0,0,0,0,0,0,0,0,2,1,0,0,0,0,0,0,0,0,0,0,0,0,1,1,0,1,2,1,2,2
225,7,15,13,2,1,0,0,0,2,2,1,1,7,6,7,13,2,3,6,2,2,0,0,0,0,0,1,6,2,1,2,2,2,1,5,5,6,2
226,0,0,0,0,0,0,0,0,0,0,0,0,0,0,0,0,0,0,0,0,0,0,0,0,0,0,0,0,0,0,0,0,0,0,0,0,0,0
227,5,1,0,0,1,1,0,0,1,2,-1,2,1,4,0,0,0,0,0,6,1,7,1,2,1,0,8,2,2,6,0,4,2,6,2,2,1,0
228,2,1,8,2,1,0,0,0,0,0,0,1,0,0,0,0,1,0,0,0,0,0,0,0,0,0,0,0,0,0,0,0,0,0,0,0,0,0
229,0,0,0,0,0,0,0,0,0,0,0,0,0,0,0,0,0,0,0,0,0,0,0,0,0,0,0,0,0,0,0,0,0,0,0,0,0,0
230,2,1,6,2,2,0,0,0,5,0,2,-3,1,2,1,0,1,6,1,0,5,1,1,2,8,2,1,1,2,0,-1,1,2,0,0,1,0,0
231,0,1,3,1,1,1,0,1,2,2,1,1,0,0,1,6,1,1,1,1,0,0,0,0,0,0,1,0,1,1,12,0,2,2,0,0,0,1
232,0,0,0,0,0,0,0,0,0,0,0,0,0,0,0,0,0,0,0,0,0,0,0,0,0,0,0,0,0,0,0,0,0,0,0,0,0,0
233,6,4,14,2,2,1,0,0,3,2,2,1,5,2,1,0,0,3,4,2,3,4,3,2,6,2,11,9,10,2,2,2,8,2,2,2,2,8
234,0,0,0,0,0,0,0,0,0,0,0,0,0,0,0,0,0,0,0,0,0,0,0,0,0,0,0,0,0,0,0,0,0,0,0,0,0,0
235,2,6,6,1,4,0,0,0,6,6,2,0,1,2,4,0,7,5,1,1,6,2,0,0,0,0,0,1,2,0,-1,0,0,0,1,1,1,-1
236,0,0,0,0,0,0,0,0,0,0,0,0,0,0,0,0,0,0,0,0,0,0,0,0,0,0,0,0,0,0,0,0,0,0,0,0,0,0
237,1,0,1,0,0,1,0,0,0,0,0,0,2,0,9,1,4,0,1,1,1,2,1,1,0,1,0,0,0,0,0,0,0,0,1,1,1,0
238,3,1,7,3,2,1,0,0,11,2,3,1,1,7,1,1,3,8,1,1,6,4,2,3,6,2,1,2,2,0,-1,3,2,1,0,0,0,0
239,0,0,0,0,0,0,0,0,1,0,0,1,0,0,0,0,0,0,0,1,0,1,0,2,15,2,0,0,5,-1,-1,0,2,0,4,-2,0,0
240,1,0,0,0,0,1,0,0,1,1,1,2,6,7,13,7,0,1,4,0,0,6,2,3,1,2,2,4,2,0,1,2,1,2,1,0,0,0
241,0,0,0,0,0,0,0,0,0,0,0,0,0,0,0,0,0,0,0,0,0,0,0,0,0,0,0,0,0,0,0,0,0,0,0,0,0,0
242,1,0,1,1,1,1,0,0,0,1,1,1,4,0,0,1,1,1,1,4,0,0,0,0,0,0,0,0,0,0,0,0,0,0,0,0,0,0
243,0,0,0,0,0,0,0,0,0,0,0,0,0,0,0,0,0,0,0,0,0,0,0,0,0,0,0,0,0,0,0,0,0,0,0,0,0,0
244,2,0,6,2,1,0,0,0,6,0,2,1,0,2,0,3,1,1,0,0,0,0,0,1,0,0,0,7,7,0,-1,1,0,0,1,7,1,0
245,2,2,3,0,2,8,0,0,0,2,2,1,2,2,1,4,2,0,2,2,3,1,0,0,1,0,2,4,9,2,2,1,1,2,1,0,1,0
246,2,1,8,1,5,2,0,0,3,5,2,2,2,2,2,5,2,3,2,2,3,1,1,1,3,2,2,2,4,4,2,2,1,0,1,1,1,1
247,0,0,0,0,0,0,0,0,0,0,0,0,0,0,0,0,1,0,0,0,0,0,0,0,0,0,0,0,0,0,0,0,0,0,0,0,0,0
248,0,0,0,0,0,0,0,0,0,0,0,0,0,0,0,0,0,0,0,0,0,0,0,0,0,0,0,0,0,0,0,0,0,0,0,0,0,0
249,1,0,1,1,2,0,0,-1,6,1,0,0,0,0,0,0,0,0,0,0,0,0,0,0,0,0,1,0,0,0,0,0,0,0,0,1,6,1
250,0,0,0,0,0,0,0,0,0,0,0,0,0,0,0,0,0,0,0,0,0,0,0,0,0,0,0,0,0,0,0,0,0,0,0,0,0,0
251,0,0,0,0,0,0,0,0,1,0,0,0,1,0,1,0,0,0,2,2,6,0,0,0,0,0,0,0,0,0,0,0,0,0,0,0,0,0
252,0,0,0,0,0,0,0,0,0,0,1,1,1,1,1,1,0,0,1,2,2,1,8,0,0,2,2,0,2,0,1,1,0,0,0,0,1,1
253,0,0,0,0,0,0,0,0,0,0,0,0,0,0,0,0,0,0,0,0,0,0,0,0,0,0,0,0,0,0,0,0,0,0,0,0,0,0
254,1,1,1,1,2,2,0,0,8,1,6,9,8,3,6,11,1,3,2,2,1,2,3,2,2,11,2,0,0,0,0,0,0,0,0,0,0,0
255,5,2,2,5,2,1,0,1,5,1,0,2,10,2,1,1,1,2,2,2,2,1,1,1,1,1,1,1,2,1,1,4,7,6,0,2,2,1
256,0,0,0,0,0,0,0,0,0,0,0,0,0,0,0,0,0,0,0,0,0,0,1,0,1,2,3,3,8,1,0,0,0,0,0,0,0,1
257,1,1,1,1,0,1,0,0,0,0,6,9,6,2,6,7,1,1,2,0,1,0,0,0,0,0,1,2,0,2,0,0,0,0,0,0,0,0
258,8,0,1,1,0,0,0,2,8,7,6,6,12,2,6,6,1,1,1,1,1,0,5,1,2,2,1,2,6,2,1,10,2,1,0,1,6,2
259,2,2,1,4,2,5,0,7,3,2,3,2,8,2,11,-1,2,1,2,1,5,1,0,1,1,0,0,0,0,0,2,2,1,2,1,2,3,6
260,0,0,6,1,0,0,0,0,0,1,0,1,0,0,0,4,2,2,2,0,0,0,0,0,0,0,0,0,0,0,0,0,0,0,0,0,0,0
261,5,7,7,0,1,2,0,7,18,1,2,0,8,2,11,6,0,0,0,0,1,7,11,2,0,1,2,4,4,2,2,0,6,2,9,2,1,2
262,0,4,1,1,1,6,0,1,0,1,1,1,0,1,0,0,1,1,1,1,0,15,12,2,2,2,2,1,1,1,6,8,2,0,0,0,1,5
263,0,0,0,0,0,0,0,0,0,0,0,0,0,0,0,0,0,0,0,0,0,0,0,0,0,0,0,0,0,0,0,0,0,0,0,0,0,0
264,0,0,2,7,2,1,0,2,8,2,3,8,8,2,8,8,2,2,2,2,7,8,6,2,2,0,1,7,9,2,0,0,2,2,11,2,1,7
265,2,2,2,1,2,2,0,1,1,0,0,0,0,0,1,0,1,1,1,2,0,0,1,0,2,1,0,2,3,2,2,1,0,2,1,2,3,0
266,10,2,2,1,2,1,0,2,6,2,3,6,6,1,3,3,2,9,0,0,2,2,1,1,2,2,2,2,0,0,2,1,0,0,1,0,0,3
267,0,0,0,0,0,0,0,0,0,0,0,0,0,2,0,0,0,0,0,0,0,0,0,0,0,0,0,0,0,0,0,2,2,10,0,0,0,0
268,1,3,1,1,2,0,0,2,6,1,6,7,6,2,7,0,0,0,0,0,0,0,0,0,0,0,0,0,0,0,0,0,0,0,0,0,0,0
269,0,0,0,1,2,2,0,1,0,1,3,2,3,0,3,3,2,1,1,0,0,0,0,1,1,0,1,0,0,2,0,1,1,1,1,2,3,2
270,0,0,0,0,2,-3,0,0,0,0,0,0,1,0,0,6,1,1,2,2,4,1,0,0,0,0,0,0,1,0,1,0,0,0,1,0,6,2
271,1,1,0,0,1,11,0,1,5,6,2,1,2,1,2,5,1,4,0,0,1,0,0,0,1,0,7,2,3,1,1,2,1,1,4,1,1,0
272,1,-1,0,0,0,2,0,0,2,0,0,0,0,0,0,0,0,0,0,0,0,0,0,1,1,14,1,2,7,2,1,0,0,1,0,0,2,1
273,0,0,0,0,0,0,0,0,0,0,0,0,0,0,0,0,0,0,0,1,0,0,0,0,0,0,0,0,0,0,0,0,0,0,0,0,0,0
274,1,5,2,1,1,1,0,0,1,0,3,1,2,1,0,1,0,0,0,0,2,1,1,1,4,1,1,0,2,0,1,1,1,1,1,1,1,2
275,2,1,1,3,2,0,0,0,1,2,1,3,1,1,1,0,2,2,0,1,1,1,3,1,3,6,1,0,5,5,5,2,1,4,1,3,2,1
276,1,0,0,0,0,1,0,0,1,1,0,0,0,0,0,0,2,2,1,0,0,-1,7,0,6,0,0,0,5,0,0,0,10,0,0,0,0,0
277,1,0,0,0,0,0,0,0,2,2,2,1,0,2,2,2,2,2,1,2,3,2,0,0,0,0,0,0,0,1,1,1,1,0,0,0,0,0
278,0,0,0,0,0,0,0,0,0,0,0,0,1,0,1,1,2,2,9,2,0,1,0,0,0,0,0,0,1,0,0,0,0,0,0,0,0,0
279,1,0,2,22,9,1,0,0,12,6,2,2,2,2,2,6,0,0,0,0,0,0,1,1,2,8,1,0,3,6,1,0,0,0,0,0,7,5
280,1,2,1,12,2,5,0,0,1,1,8,7,2,1,2,2,9,2,0,0,0,0,0,6,24,6,2,0,0,0,2,1,2,7,11,6,2,0
281,1,2,1,6,2,8,0,0,2,2,14,15,4,2,3,3,3,2,2,2,9,2,6,7,12,7,2,0,7,2,2,2,2,12,5,9,2,0
282,1,2,1,3,2,2,0,0,2,1,2,1,2,2,2,2,2,0,2,2,1,0,3,2,2,2,2,0,4,1,1,4,2,5,2,3,1,4
283,12,2,8,3,10,3,0,0,5,2,8,3,2,7,15,2,12,2,2,2,3,2,11,6,11,21,0,0,7,5,14,7,2,18,10,12,5,5
284,1,2,1,9,2,1,0,0,0,0,6,1,2,7,2,9,8,2,1,1,6,1,5,8,5,9,2,0,2,0,2,4,6,2,6,6,2,0
285,1,3,0,17,2,1,0,0,0,0,1,8,1,2,2,2,2,8,5,0,1,1,6,12,13,6,2,0,0,5,9,5,5,11,7,13,1,4
286,0,1,1,6,2,9,0,0,0,0,8,6,1,1,1,2,1,1,0,1,7,0,8,6,0,0,0,0,6,0,0,0,0,0,0,0,0,0
287,0,0,0,0,0,0,0,0,0,0,0,0,0,0,0,0,1,1,1,1,3,2,1,0,0,0,0,0,0,0,0,0,0,0,0,0,0,0
288,0,0,0,0,0,1,0,0,1,5,1,0,0,0,0,0,0,0,0,0,0,0,1,1,7,1,1,0,7,2,16,13,1,5,2,1,1,13
289,0,0,0,0,0,0,0,0,0,0,0,0,0,0,0,0,0,0,0,0,0,0,0,0,0,0,0,0,0,0,0,0,0,0,0,0,0,2
290,0,0,0,0,0,0,0,0,0,1,0,0,0,0,2,0,0,0,-1,1,6,0,0,0,6,6,1,0,6,1,2,1,0,6,5,5,1,0
291,0,0,0,0,0,0,0,0,0,0,0,1,2,1,1,0,0,0,1,0,0,0,0,0,0,1,0,0,2,1,5,2,2,11,3,16,2,1
292,0,0,1,7,1,1,0,0,0,1,1,9,0,0,0,1,0,1,0,0,0,1,0,0,11,0,0,0,6,0,0,0,0,6,1,0,1,-1
293,2,9,2,14,2,3,0,0,4,3,0,0,0,0,0,0,0,0,0,0,0,0,0,0,0,0,0,0,0,0,1,1,1,13,1,3,2,1
294,1,4,2,6,2,3,0,0,1,1,3,1,2,1,2,5,1,2,0,1,3,1,1,1,4,6,1,0,2,0,0,0,0,3,0,1,1,0
295,0,7,1,1,-1,4,0,1,-1,1,2,6,6,1,1,1,1,1,1,1,1,5,0,1,0,0,1,1,2,1,0,6,2,0,0,0,0,0
296,1,1,4,6,6,1,0,0,1,0,1,1,2,0,0,1,0,0,0,0,0,0,0,0,0,0,1,0,0,0,0,0,0,0,0,1,0,0
297,9,-2,0,0,0,2,0,0,1,6,1,5,0,2,7,13,2,5,1,0,1,2,5,5,2,12,2,0,3,1,5,1,1,6,2,0,0,0
298,0,0,0,0,0,0,0,0,0,0,0,0,0,0,0,0,0,0,0,0,0,0,0,0,0,0,0,0,0,0,0,0,0,0,0,0,0,0
299,6,6,1,1,6,2,0,0,1,0,0,0,0,0,0,0,0,0,1,2,0,1,3,2,1,6,1,0,0,1,2,0,2,7,1,6,8,2
300,3,10,8,4,3,2,0,1,2,0,2,0,0,3,5,2,2,1,3,2,6,1,12,2,1,3,6,0,7,2,0,0,3,2,13,19,2,0
301,6,14,5,2,1,7,0,10,8,6,2,0,9,11,7,2,2,1,3,5,6,1,15,2,0,3,1,0,13,9,8,0,19,0,3,0,2,0
302,0,1,0,3,10,2,0,6,0,0,0,0,0,7,2,1,2,2,9,1,8,0,0,0,0,0,9,0,2,0,8,0,9,8,0,0,3,0
303,1,3,0,2,4,1,0,1,1,8,0,0,1,0,0,0,6,8,6,19,6,1,14,0,1,0,0,0,5,1,2,0,1,11,10,6,5,2
304,3,5,1,15,8,2,0,0,2,0,3,1,3,1,1,0,6,9,1,0,0,1,0,1,2,3,0,0,1,1,1,0,2,2,4,15,2,5
305,3,1,0,0,0,0,0,10,2,1,0,0,2,6,2,0,9,2,4,8,3,1,13,5,3,3,3,0,12,12,7,0,1,7,0,1,0,0
306,7,11,0,1,12,2,0,9,1,18,2,0,2,6,-2,1,1,0,1,1,0,0,0,0,0,0,0,0,0,0,0,0,0,0,0,0,0,0
307,7,6,1,1,6,2,0,6,2,6,2,0,5,9,2,2,2,2,8,2,6,1,3,2,2,7,6,0,2,2,3,0,2,1,2,8,0,3
308,7,6,1,0,0,1,0,0,1,6,2,0,0,0,2,0,2,2,8,2,1,2,3,1,6,5,6,0,2,2,0,0,0,15,1,0,0,8
309,0,0,0,0,0,0,0,0,0,0,0,0,2,6,0,1,0,0,0,0,8,0,2,2,0,0,0,0,0,0,2,0,0,0,2,7,6,2
310,0,0,0,0,0,0,0,0,0,0,0,0,0,0,0,0,0,0,0,0,0,0,0,0,0,0,0,0,0,0,0,0,0,0,0,0,0,0
311,1,1,13,9,6,3,0,6,5,3,2,0,9,3,1,2,0,1,1,3,1,2,3,10,0,6,3,0,1,1,1,0,2,4,1,1,1,0
312,6,6,1,1,6,2,0,6,0,6,2,0,2,1,1,0,0,0,0,1,0,0,2,2,2,7,5,0,2,2,2,0,1,8,0,6,0,0
313,12,1,6,0,0,1,0,0,2,0,0,0,0,0,7,7,1,1,5,6,1,1,3,7,18,1,6,2,2,1,0,0,0,2,6,0,0,0
314,3,9,2,4,4,2,0,8,19,11,2,0,1,1,1,9,1,1,1,1,0,0,2,2,13,11,1,0,0,0,0,0,4,7,2,6,12,2
315,3,3,5,5,1,2,0,2,0,6,2,0,2,3,2,2,8,2,3,7,2,2,12,2,1,8,3,0,1,2,4,0,1,5,1,3,3,0
316,1,0,0,1,1,0,0,1,1,1,0,0,1,0,0,0,0,0,0,0,1,0,0,0,0,0,0,0,1,0,1,0,0,0,0,0,7,2
317,0,0,0,0,0,0,0,0,0,0,0,0,0,0,0,0,0,0,0,0,0,0,0,0,0,0,0,0,0,0,0,0,0,0,0,0,0,0
318,13,5,6,17,17,9,0,6,23,6,2,0,13,0,5,1,13,6,2,8,17,2,10,2,10,4,6,0,0,12,12,0,14,16,2,7,6,0
319,1,1,0,1,12,0,0,1,1,1,1,0,1,2,9,1,0,1,0,7,1,2,1,1,11,0,1,0,10,5,1,0,1,14,2,2,9,2
320,0,0,0,0,0,0,0,0,0,0,0,0,0,0,0,0,0,0,0,0,0,0,0,0,0,0,0,0,0,0,0,0,0,0,0,0,0,0
321,2,2,1,2,6,0,0,0,0,0,0,0,0,0,0,2,0,1,2,1,3,1,2,2,1,3,4,2,2,2,1,2,2,1,5,1,2,2
322,0,0,0,0,0,0,0,0,0,0,0,0,0,0,0,0,0,0,0,0,0,0,0,0,0,0,0,0,0,0,0,0,0,0,0,0,0,0
323,0,0,0,0,0,0,0,0,0,0,0,0,0,0,0,0,0,0,0,0,0,0,0,0,0,0,0,0,0,0,0,0,0,0,0,0,0,0
324,0,0,0,0,0,0,0,0,0,0,0,0,0,0,0,0,0,0,0,0,0,0,0,0,0,0,0,0,0,0,0,0,0,7,0,0,16,0
325,1,0,0,0,0,0,0,0,0,0,0,0,0,0,0,0,0,0,1,0,1,0,1,0,0,0,0,0,0,1,1,0,0,1,0,1,4,2
326,1,2,1,1,1,1,0,0,0,9,1,0,0,2,1,0,0,0,0,0,0,0,0,0,0,0,0,0,0,0,0,0,0,0,0,0,0,0
327,1,1,3,8,6,2,0,0,0,2,6,6,2,8,1,4,7,7,7,5,1,3,10,7,0,-1,8,0,8,6,6,0,2,9,3,6,10,7
328,0,0,0,0,0,0,0,0,0,0,0,0,0,0,0,0,0,0,0,0,0,0,0,0,0,0,0,0,0,0,0,0,0,0,0,0,0,0
329,0,1,1,6,7,2,0,0,0,1,6,6,1,0,0,0,6,6,0,4,1,1,0,0,0,-1,6,0,9,0,0,0,0,0,0,6,8,0
330,0,-1,0,0,0,0,0,0,0,0,0,0,0,6,0,0,1,1,7,1,0,1,7,0,0,0,1,0,0,6,5,0,0,1,0,1,0,2
331,1,1,1,0,1,1,0,0,4,0,3,10,0,1,0,0,6,0,1,2,1,4,2,4,0,1,1,0,2,1,1,0,1,3,1,1,2,5
332,0,-1,0,0,0,0,0,0,0,2,6,7,5,6,3,2,8,9,15,4,0,6,12,6,0,-1,5,0,1,0,0,0,1,8,2,8,10,0
333,2,1,1,8,3,7,0,0,1,2,2,11,2,2,0,6,3,6,6,19,5,12,3,12,0,2,3,0,4,3,3,0,5,13,2,6,11,10
334,0,0,0,0,0,0,0,0,0,0,0,0,0,0,0,0,0,0,0,0,0,0,0,0,0,0,0,0,0,0,0,0,0,0,0,0,0,0
335,2,1,10,3,6,18,0,0,1,2,1,3,3,8,2,2,14,5,8,12,7,20,8,15,0,2,3,0,12,6,0,0,12,8,2,0,7,2
336,1,1,1,0,0,0,0,0,0,0,0,0,0,0,2,0,1,1,1,0,0,0,0,0,0,0,0,0,0,0,0,0,0,0,0,0,0,0
337,0,0,0,0,0,0,0,0,0,2,0,0,1,0,1,2,0,0,6,0,0,2,0,7,0,0,0,0,2,0,7,0,0,8,2,7,8,2
338,1,0,2,2,3,1,0,0,1,0,0,1,1,1,0,1,0,0,0,2,2,0,0,1,0,0,1,0,4,10,0,0,0,0,0,0,2,0
339,0,0,0,0,0,0,0,0,0,0,0,0,0,0,0,0,0,0,0,0,0,0,0,0,0,0,0,0,0,0,0,0,0,0,0,0,0,0
340,2,1,10,3,10,2,0,0,2,0,3,6,1,0,0,0,0,0,0,0,0,6,3,6,0,0,3,0,4,6,3,0,7,4,1,3,10,9
341,0,0,1,0,0,0,0,0,0,0,0,0,0,0,0,0,6,9,6,4,1,2,1,1,0,0,6,0,0,6,6,0,1,2,1,6,8,0
342,1,0,1,11,8,2,0,0,-2,2,9,6,2,9,0,0,0,0,1,0,0,6,6,6,0,-1,0,0,7,0,14,0,1,10,1,0,0,2
343,0,0,0,0,0,0,0,0,0,0,0,0,0,0,0,0,0,0,0,0,0,0,0,0,0,0,0,0,0,0,0,0,0,0,0,0,0,0
344,1,1,4,3,1,0,0,0,0,0,0,1,1,3,1,1,1,1,1,0,0,0,1,1,0,1,0,0,0,0,0,0,0,0,0,0,0,0
345,0,0,4,0,0,0,0,0,10,4,0,0,0,0,1,2,6,2,2,1,0,0,0,0,0,0,0,0,2,5,5,0,1,3,1,8,8,1
346,2,3,8,2,6,2,0,1,2,6,5,3,10,3,6,2,3,5,5,2,2,2,6,3,1,8,2,0,6,2,2,10,2,1,0,0,0,0
347,0,0,0,0,0,0,0,0,0,0,0,0,0,0,0,0,0,0,0,0,0,1,0,0,0,0,1,0,1,0,0,0,0,0,0,0,0,1
348,0,0,0,0,0,0,0,0,0,0,0,0,0,0,0,0,0,0,0,0,0,0,0,0,0,0,0,0,0,0,0,0,0,0,0,0,0,0
349,0,0,0,0,0,0,0,0,0,0,0,0,1,1,1,0,0,0,0,0,0,0,1,2,3,2,2,1,1,1,0,0,0,0,0,0,0,0
350,0,0,0,1,0,0,0,0,0,0,0,0,0,0,0,0,1,0,0,0,0,0,0,1,0,0,1,1,0,1,0,0,0,1,0,0,0,0
351,0,0,0,0,0,0,0,0,0,0,0,0,0,0,0,0,0,0,0,0,0,0,0,0,0,0,0,0,0,0,0,0,0,0,0,0,0,0
352,0,0,0,0,0,0,0,0,0,0,0,0,0,0,0,0,0,0,0,0,0,0,0,0,0,0,0,0,0,0,0,0,0,0,0,0,0,0
353,0,0,0,0,0,0,0,0,0,0,0,0,0,0,0,0,0,0,0,0,0,0,0,0,0,0,0,0,0,0,0,0,0,0,0,0,0,0
354,1,1,1,2,1,1,0,1,0,1,1,1,1,1,7,2,8,2,1,1,2,2,2,8,2,2,1,0,0,0,0,0,0,0,0,0,0,0
355,0,0,0,0,0,0,0,0,0,0,0,0,0,0,0,0,0,0,0,0,0,0,0,8,0,0,0,0,0,0,0,0,0,0,0,0,0,3
356,6,2,6,0,0,0,0,0,6,5,2,2,5,19,1,1,0,0,1,5,2,7,0,1,0,2,1,0,19,4,1,5,13,12,2,24,2,1
357,7,7,6,2,0,8,0,5,7,7,6,9,2,11,12,7,12,8,8,9,8,2,2,1,0,1,5,2,14,2,1,2,2,2,1,11,9,0
358,6,7,1,2,1,1,0,1,6,2,5,6,2,6,2,6,6,6,6,9,6,2,2,1,0,0,2,1,8,2,1,2,1,2,0,9,8,1
359,1,0,0,1,2,2,0,2,1,0,1,1,0,0,0,0,0,0,0,0,0,0,0,0,0,0,0,0,0,0,0,0,0,0,0,0,0,0
360,0,0,0,0,0,0,0,0,1,0,1,0,0,1,0,-1,0,0,-1,0,0,0,0,0,0,0,0,0,0,1,0,1,0,0,0,0,0,0
361,0,0,0,0,0,0,0,0,0,0,0,0,0,0,0,0,0,0,0,0,0,0,0,0,0,0,0,0,0,0,0,0,0,0,0,0,0,0
362,0,0,0,0,0,0,0,0,0,0,0,0,0,0,0,0,0,0,0,0,0,0,0,0,0,0,0,0,0,0,0,0,0,0,0,0,0,0
363,0,0,0,0,0,0,0,0,0,0,0,0,0,0,1,0,0,0,0,0,0,0,0,0,0,0,0,0,1,0,0,1,0,0,0,1,0,0
364,0,0,1,0,0,0,0,0,0,0,0,0,0,0,0,0,0,0,0,0,0,0,0,0,0,0,0,0,0,0,0,0,0,0,0,0,0,0
365,1,1,1,1,1,1,0,1,2,8,1,3,1,1,6,1,1,1,1,1,1,1,1,1,0,1,2,2,8,1,1,13,6,2,2,0,1,1
366,15,5,0,1,0,6,0,2,6,2,8,5,2,6,2,7,6,6,6,6,6,2,2,1,0,0,2,2,11,2,0,8,2,2,-2,2,6,2
367,8,0,0,1,1,6,0,2,1,1,1,0,0,1,0,1,0,0,0,0,0,0,0,0,0,1,0,0,1,0,1,0,5,0,1,1,0,2
368,3,2,13,9,0,0,0,0,0,1,0,0,0,1,4,0,1,1,1,1,1,2,2,2,0,1,3,1,11,0,0,0,0,0,1,2,1,2
369,3,3,7,2,2,3,0,2,15,7,3,10,10,12,8,6,8,3,2,3,3,2,10,1,0,2,9,0,0,0,1,4,3,1,1,7,3,2
370,1,1,1,2,6,2,0,1,7,2,3,3,5,3,2,2,3,3,3,3,3,6,5,2,0,2,2,2,5,1,1,5,3,0,0,0,3,0
371,6,2,1,2,2,3,0,1,0,4,3,0,2,7,0,3,13,3,2,3,2,1,1,2,0,1,0,0,14,7,2,12,9,1,2,4,0,0
372,0,0,0,0,0,0,0,0,1,0,0,0,0,0,0,0,0,0,0,0,0,0,0,0,0,0,0,0,0,0,0,0,0,0,0,0,0,1
373,3,3,2,2,2,3,0,2,10,2,1,1,2,3,9,11,3,3,3,3,3,1,1,0,0,1,6,7,11,2,2,5,5,2,2,7,0,0
374,3,3,1,0,0,0,0,2,4,15,3,6,2,3,7,3,6,2,2,1,3,0,0,0,0,1,2,2,8,2,2,2,6,2,2,8,2,2
375,0,0,0,0,0,0,0,0,0,0,0,0,0,0,0,0,0,0,0,0,0,0,0,0,0,0,0,0,0,0,0,0,0,0,0,0,0,0
376,6,10,3,3,2,12,0,2,2,2,6,6,2,6,3,5,6,6,10,5,6,2,3,-3,0,1,3,2,8,11,2,2,3,2,2,10,6,0
377,1,7,1,2,0,6,0,0,5,2,7,7,2,6,2,7,6,6,6,6,6,2,1,1,0,1,2,2,9,1,1,2,2,5,1,3,8,3
378,0,0,0,0,0,0,0,0,0,0,0,0,0,0,0,0,0,0,0,0,0,0,0,0,0,0,0,0,0,0,0,0,0,0,0,0,0,0
379,0,1,2,1,0,1,0,0,-1,1,2,6,6,0,1,0,0,0,0,0,0,0,0,0,0,0,0,0,0,0,0,0,0,0,0,0,0,0
380,0,0,0,0,0,0,0,0,0,0,0,0,0,0,0,0,0,0,0,0,0,0,0,0,0,0,0,0,0,0,0,0,0,0,0,0,0,0
381,2,0,0,0,1,1,0,0,0,0,0,0,0,0,0,1,0,1,1,1,0,1,0,1,2,2,0,0,0,0,0,0,0,0,0,0,0,0
382,0,0,0,0,0,0,0,0,0,0,0,0,0,0,0,0,0,0,0,0,0,0,0,0,0,0,0,0,0,0,0,0,0,0,0,0,0,0
383,0,1,0,0,0,0,0,0,0,0,0,0,0,0,0,0,0,0,0,0,0,0,0,0,0,0,0,0,0,0,0,0,0,0,0,0,0,0
384,0,0,0,0,0,0,0,0,0,0,0,0,0,0,0,0,0,0,0,0,0,0,0,0,0,0,0,0,0,0,0,0,0,0,0,0,0,0
385,1,5,2,0,-1,0,0,1,0,2,1,6,6,0,1,0,0,0,0,6,1,6,1,0,0,0,0,0,0,0,1,1,0,0,0,0,0,0
386,0,0,0,0,0,0,0,0,0,0,0,0,0,0,0,0,0,0,0,0,0,0,0,0,0,0,0,0,0,0,0,0,0,0,0,0,0,0
387,0,0,4,2,2,2,0,5,1,1,2,3,3,2,1,2,2,1,3,1,1,0,0,0,0,4,1,1,0,0,0,0,0,1,2,2,3,1
388,0,7,1,0,-1,1,0,1,0,0,0,1,0,1,0,7,1,2,6,6,1,0,1,1,0,1,7,0,1,2,0,1,2,1,1,1,6,2
389,0,0,0,0,0,0,0,0,0,0,0,0,0,0,0,0,0,0,0,0,0,0,0,0,0,0,0,0,0,0,0,0,0,0,0,0,0,0
390,0,0,0,0,0,0,0,0,0,0,0,0,0,0,0,0,0,0,0,0,0,0,0,0,0,0,0,0,0,0,0,0,0,0,0,0,0,0
391,2,0,0,1,0,0,0,1,0,1,1,0,0,0,1,1,1,1,1,1,8,0,0,0,1,0,0,1,0,0,1,1,0,0,1,0,0,1
392,0,0,0,0,0,0,0,0,0,0,0,0,0,0,0,0,0,0,0,0,0,0,0,0,0,0,0,0,0,0,0,0,0,0,0,0,0,0
393,0,0,0,0,0,0,0,0,0,0,0,0,0,0,0,0,0,0,0,0,0,0,0,0,0,0,0,0,0,0,0,0,0,0,0,0,0,0
394,2,1,9,1,1,7,0,2,2,2,0,2,1,1,2,5,2,2,4,12,5,9,2,2,2,13,2,2,8,2,2,1,0,2,8,1,1,2
395,1,0,0,0,0,0,0,0,0,0,0,0,0,0,0,0,0,0,0,0,0,0,0,0,0,0,0,0,0,0,0,0,0,0,0,0,0,0
396,0,0,0,0,0,0,0,0,0,0,0,0,0,0,0,0,0,0,0,0,0,0,0,0,0,0,0,0,0,0,0,0,0,0,0,0,0,0
397,1,8,2,1,1,1,0,7,2,0,1,1,9,2,1,0,2,2,9,0,0,0,0,0,0,0,0,0,2,0,2,2,5,1,12,12,6,8
398,3,14,4,9,0,1,0,2,1,2,2,11,11,1,0,6,0,2,7,6,0,0,0,0,0,0,0,0,0,0,0,0,0,0,0,0,0,0
399,0,0,0,0,1,0,0,0,0,0,0,1,0,0,0,0,0,0,0,0,0,0,0,0,0,0,0,0,0,0,0,0,0,0,0,0,0,0
400,0,0,0,0,0,0,0,0,0,0,0,0,0,0,2,1,0,0,0,0,0,1,0,1,1,3,4,11,2,2,2,7,2,-1,2,2,2,5
401,0,0,0,0,0,0,0,0,0,0,0,0,0,0,0,0,0,0,0,0,0,0,0,0,0,0,0,0,0,0,0,0,2,2,0,1,2,1
402,2,0,0,0,0,0,0,0,0,0,0,0,0,0,0,0,0,0,0,0,0,0,0,0,0,0,0,0,0,0,0,0,0,0,0,0,0,0
403,1,0,0,0,0,0,0,0,0,0,0,0,0,0,0,0,0,0,0,0,0,0,0,0,0,0,0,0,0,0,0,0,0,0,0,0,0,0
404,0,1,0,0,0,0,0,1,0,0,0,0,0,1,0,6,0,0,0,0,2,0,1,7,0,1,6,0,3,6,0,0,0,0,0,0,0,0
405,1,2,1,1,0,1,0,1,1,2,1,0,9,2,2,1,1,1,0,0,0,0,1,3,2,1,1,2,2,1,1,0,1,6,5,2,1,1
406,0,2,1,2,2,1,0,2,1,1,2,3,5,1,2,2,2,1,2,2,1,1,0,3,2,1,1,2,1,2,0,2,2,1,0,1,6,2
407,9,2,7,2,1,2,0,1,2,2,2,3,2,2,2,5,5,7,2,15,2,2,1,10,2,0,5,10,2,2,2,2,1,2,13,2,4,7
408,1,4,2,2,9,2,0,2,1,2,2,2,2,0,1,1,1,1,1,1,2,1,0,1,1,0,1,0,0,0,0,1,2,1,1,1,0,5
409,0,7,2,2,2,2,0,2,1,-1,1,6,0,0,0,0,1,1,2,2,2,0,0,0,1,6,9,1,2,0,1,0,2,0,0,1,1,0
410,0,1,0,0,0,0,0,0,1,0,0,1,0,0,0,0,0,1,0,0,0,1,-1,7,2,7,6,1,1,0,0,1,2,0,0,1,0,0
411,0,2,12,2,2,2,0,2,5,2,2,6,1,2,2,8,2,5,2,9,2,2,1,0,0,4,4,9,0,0,0,0,1,1,2,0,0,0
412,0,0,0,0,0,0,0,0,0,0,0,0,0,0,0,0,0,0,0,0,0,0,0,0,0,0,0,0,0,0,0,0,0,0,0,0,0,0
413,0,0,1,1,1,0,0,0,0,0,0,1,1,1,0,1,1,1,2,1,1,0,1,1,0,0,0,0,0,0,0,0,1,2,6,1,1,3
414,0,0,0,0,0,0,0,0,0,0,0,0,0,0,0,0,0,0,0,0,0,0,0,0,0,0,0,0,0,0,0,0,0,0,0,0,0,0
415,0,0,0,0,0,0,0,0,0,0,0,0,0,0,0,0,0,0,0,0,0,0,0,0,0,0,0,0,0,0,0,0,0,0,0,0,0,0
416,1,0,0,0,2,0,0,1,0,2,1,1,2,1,0,0,1,0,0,1,2,1,0,1,0,0,1,0,0,1,0,0,0,0,0,0,0,0
417,1,0,0,1,7,2,0,1,1,0,8,11,2,2,6,1,-2,1,1,1,1,1,2,5,6,0,7,1,2,1,0,0,1,0,0,0,0,0
418,5,2,2,2,1,1,0,2,0,1,0,1,0,1,0,0,1,0,0,0,1,0,0,0,0,0,0,0,0,4,1,0,0,2,0,0,0,0
419,0,0,0,0,0,0,0,0,0,0,0,0,0,0,0,0,0,0,0,0,0,0,0,0,0,0,0,0,0,0,0,0,0,0,0,0,1,1
420,-2,0,2,2,1,2,0,2,0,0,2,8,2,1,3,0,1,1,2,2,2,0,1,0,0,0,0,1,0,0,0,0,0,0,0,0,0,0
421,0,0,0,0,0,0,0,0,0,0,0,0,0,0,0,0,0,0,0,0,0,0,0,0,0,0,0,0,0,0,0,0,0,0,0,0,0,0
422,1,2,2,3,3,2,0,2,2,1,3,7,2,2,0,2,1,7,2,3,3,1,1,9,3,6,8,1,2,1,1,1,0,0,0,0,0,0
423,0,1,5,2,2,1,0,2,1,0,1,0,0,0,1,1,0,1,1,0,0,0,0,5,1,8,10,1,0,0,0,4,0,1,0,0,0,0
424,0,0,0,0,0,0,0,0,0,0,0,0,0,0,0,0,0,0,0,0,0,0,0,0,0,0,0,0,0,0,0,0,0,0,0,0,0,0
425,2,1,9,6,5,2,0,2,3,10,6,3,2,1,2,1,0,1,7,0,9,10,0,0,0,0,0,0,3,3,2,-1,0,0,0,0,0,0
426,0,0,0,0,0,0,0,0,0,0,0,0,0,0,0,0,2,0,0,0,0,0,0,6,6,3,9,2,0,0,0,1,2,0,5,1,1,2
427,2,8,6,10,5,9,0,10,6,7,9,2,8,1,8,11,7,2,16,7,6,8,2,5,6,2,13,6,7,9,2,6,11,8,8,7,7,16
428,5,2,3,3,2,2,0,19,2,6,3,2,2,2,0,0,2,2,8,4,5,3,2,6,1,2,9,5,3,7,9,2,8,9,3,2,2,5
429,1,0,0,0,0,0,0,0,1,6,6,1,1,0,1,1,1,1,14,1,0,0,0,0,0,0,0,0,0,0,0,0,0,0,0,0,0,0
430,8,1,6,6,3,2,0,7,0,6,6,1,1,1,1,1,1,0,6,1,6,6,-1,7,12,0,1,1,2,2,1,-1,1,0,1,0,0,0
431,1,1,0,0,0,0,0,0,0,0,1,1,1,1,1,1,0,0,0,0,0,0,0,1,0,1,1,0,-2,0,0,0,0,1,0,0,1,6
432,2,4,6,6,1,0,0,0,0,6,6,1,1,7,1,7,1,0,1,2,7,6,3,11,5,2,2,1,0,0,0,0,1,0,5,1,1,2
433,2,10,2,3,2,9,0,5,2,3,9,2,0,5,2,2,10,2,3,3,3,7,2,3,3,2,1,2,2,4,2,5,1,2,3,2,0,0
434,0,0,0,0,0,0,0,0,0,0,0,0,0,0,0,0,0,0,0,0,0,0,0,0,0,0,0,0,0,0,0,0,0,0,0,0,0,0
435,0,0,6,7,1,0,0,0,1,0,1,1,1,0,0,1,1,0,0,0,0,1,1,0,0,0,0,0,1,0,0,2,0,0,0,0,1,2
436,7,1,1,1,0,5,0,1,1,6,0,1,0,6,1,0,0,1,1,1,0,1,0,0,0,0,0,0,0,0,0,0,0,0,0,0,0,0
437,0,0,0,0,0,0,0,0,0,0,0,0,0,0,0,0,0,0,0,0,0,0,0,0,0,0,0,0,0,0,0,0,0,0,0,0,0,0
438,0,0,0,0,0,0,0,0,0,0,0,0,0,0,0,0,0,0,0,0,0,0,0,0,0,0,0,0,0,0,0,0,0,0,0,0,0,0
439,0,0,0,0,0,0,0,0,0,0,0,0,0,0,0,0,1,0,0,0,0,0,1,0,0,0,0,0,0,1,0,0,1,0,0,0,0,0
440,1,2,3,3,0,1,0,12,2,3,5,2,1,8,2,14,0,0,0,2,2,2,6,0,0,0,0,0,0,0,0,0,0,0,0,0,0,0
441,0,0,0,0,0,0,0,0,1,1,1,1,1,1,0,0,0,1,2,0,0,0,0,2,9,2,1,1,2,2,2,1,2,2,3,1,2,2
442,0,0,0,0,0,0,0,0,0,0,0,0,0,0,0,0,0,0,0,0,0,0,0,0,0,0,0,0,0,0,0,0,0,0,0,0,0,0
443,2,1,0,0,0,1,0,1,1,8,6,1,0,0,0,0,0,0,6,-1,5,3,0,6,6,2,2,1,4,1,1,-2,1,3,7,0,0,0
444,0,1,1,1,1,0,0,1,1,2,1,2,2,1,2,1,1,1,0,2,1,1,0,0,0,0,0,0,0,0,0,0,0,0,0,1,1,2
445,9,1,6,6,2,2,0,1,-2,0,0,0,0,1,1,0,0,1,1,7,9,6,1,15,7,1,0,1,0,0,0,0,0,0,6,1,1,2
446,13,2,3,6,2,1,0,5,0,0,0,0,0,0,4,5,2,0,0,11,3,3,2,3,3,2,1,5,2,2,2,1,1,2,1,1,5,3
447,0,0,0,0,0,0,0,0,0,0,0,0,0,0,0,0,0,0,0,0,0,0,0,0,0,0,0,0,0,0,0,0,0,0,0,0,0,0
448,1,4,12,6,1,1,0,2,1,1,8,1,1,4,1,1,1,1,10,2,6,5,1,0,0,2,0,6,2,4,3,-1,1,4,0,1,1,0
449,0,0,0,0,0,0,0,0,0,0,0,0,0,0,0,0,0,0,1,0,0,0,0,0,0,0,0,0,0,0,0,0,0,0,0,0,0,0
450,0,0,0,0,0,0,0,0,0,0,0,0,0,0,0,0,0,1,1,1,0,0,1,1,0,0,1,1,0,1,0,1,0,1,0,0,0,4
451,0,0,0,0,0,0,0,0,0,0,0,0,0,0,0,0,0,0,0,0,0,0,0,0,0,0,0,0,0,0,0,0,0,0,0,0,0,0
452,0,0,0,0,0,0,0,0,0,0,0,0,0,0,0,0,0,0,0,0,0,0,0,0,0,0,0,0,0,0,0,0,0,0,0,0,0,0
453,0,0,0,0,0,0,0,0,0,0,0,0,0,0,0,0,0,0,0,0,0,0,0,0,0,0,0,0,0,0,0,0,0,0,0,0,0,0
454,0,1,1,4,0,5,0,1,5,1,1,0,0,0,0,2,0,0,0,2,1,0,1,2,2,1,9,1,0,0,1,1,2,4,2,2,1,1
455,1,3,1,8,4,1,0,2,7,2,6,4,8,1,2,9,1,2,2,3,6,2,3,2,6,0,0,0,8,8,2,6,1,2,8,3,2,1
456,0,0,0,0,1,1,0,0,0,0,0,0,0,0,0,0,0,1,0,2,7,2,2,1,6,1,0,0,0,9,0,0,0,2,6,1,2,0
457,1,2,0,6,2,0,0,2,5,2,3,2,8,2,1,1,1,1,1,2,0,0,0,0,1,0,0,0,1,8,0,12,1,2,6,0,0,1
458,1,2,2,1,5,5,0,2,1,8,1,1,1,1,1,0,2,1,1,2,5,2,2,1,5,0,0,0,3,2,2,6,5,9,2,0,0,2
459,0,0,0,0,0,0,0,0,6,5,0,0,0,2,0,0,1,1,1,0,0,12,3,2,3,8,1,0,2,6,8,1,6,-1,7,0,1,0
460,1,1,1,0,0,0,0,0,0,0,1,0,0,0,1,0,0,0,0,0,0,0,0,0,1,1,0,0,0,0,0,0,0,0,0,2,7,1
461,1,2,1,9,2,1,0,2,6,2,0,2,15,2,1,1,0,0,0,0,11,0,0,0,0,0,2,0,12,6,1,6,1,1,0,0,1,0
462,0,0,0,0,0,0,0,0,0,0,0,0,0,0,0,0,0,0,0,0,0,0,0,0,0,0,0,0,0,0,0,0,0,0,0,0,0,0
463,1,2,1,6,2,1,0,2,0,0,1,0,4,0,0,0,0,0,2,2,6,2,1,1,1,0,0,0,0,6,1,11,1,1,0,0,2,1
464,1,2,2,1,2,1,0,1,0,0,4,1,8,2,7,2,7,2,1,1,3,2,2,1,10,1,8,0,5,1,7,3,2,2,11,1,0,2
465,2,2,2,3,2,2,0,2,14,7,2,0,3,2,2,2,4,2,5,2,16,2,5,2,6,1,2,0,8,6,7,6,2,4,3,1,13,1
466,0,0,0,0,0,0,0,0,0,0,0,0,0,0,0,0,0,0,0,0,0,0,0,0,0,0,0,0,0,0,0,0,0,0,0,0,0,0
467,2,-1,2,6,3,6,0,2,2,2,10,2,3,2,2,2,2,2,2,1,3,7,2,2,10,1,2,0,5,2,2,9,2,2,3,1,9,2
468,2,2,2,3,10,2,0,2,3,2,2,2,6,1,2,2,2,1,2,1,1,1,2,2,3,1,2,0,5,3,2,6,2,15,3,1,2,0
469,2,2,2,11,2,2,0,2,1,2,0,2,1,1,1,1,1,0,2,2,0,1,0,1,4,1,1,0,1,1,1,6,0,3,1,1,2,10
470,0,0,0,1,0,0,0,0,1,0,9,6,0,7,1,1,6,2,1,2,2,8,6,6,2,1,0,0,1,0,0,0,0,4,2,8,1,1
471,1,2,1,1,0,0,0,0,0,0,2,2,7,0,0,0,0,0,0,0,1,1,1,1,6,0,0,0,0,0,0,0,0,0,1,1,1,0
472,0,0,0,0,0,0,0,0,0,0,0,0,0,0,0,2,0,0,0,1,6,1,2,1,6,0,2,0,15,0,0,5,1,6,8,1,0,1
473,1,0,0,0,0,0,0,0,0,0,0,0,0,1,0,0,0,0,0,0,0,0,0,0,1,1,3,0,0,0,0,0,0,0,0,0,0,0
474,0,0,0,0,0,0,0,0,0,0,0,0,0,0,0,8,1,8,7,0,2,6,1,0,0,0,0,0,0,0,0,0,0,0,1,0,1,2
475,0,2,2,8,2,6,0,5,9,1,1,2,6,7,1,1,0,2,0,1,1,6,0,6,1,0,0,0,0,0,0,0,0,0,0,1,0,6
476,0,0,1,2,2,0,0,0,0,0,0,0,0,0,0,0,0,1,0,1,1,1,0,1,7,5,2,2,0,0,0,0,0,0,0,1,0,2
477,1,6,2,2,6,5,0,1,1,1,6,0,0,0,0,0,0,1,0,0,0,1,1,0,0,6,2,3,0,0,0,0,0,0,0,0,0,0
478,2,15,3,3,6,6,0,2,2,2,14,1,0,2,2,1,3,4,2,10,2,6,2,2,5,11,3,0,6,6,7,1,8,-1,9,0,0,1
479,2,3,1,1,0,0,0,1,0,1,1,1,3,2,2,1,1,0,1,0,1,1,0,1,0,0,0,0,1,1,3,2,3,2,0,0,1,0
480,4,2,2,10,2,2,0,1,1,0,10,2,2,9,7,2,1,2,2,3,2,11,2,2,3,2,2,2,1,0,0,1,13,2,6,2,2,1
481,5,1,1,1,0,1,0,1,0,1,1,1,1,0,2,0,1,2,0,3,1,4,0,0,0,0,6,0,0,1,6,1,3,1,1,1,11,2
482,0,1,1,1,1,0,0,1,1,1,1,1,0,5,-3,2,2,5,2,7,1,6,1,2,2,6,0,-1,1,9,6,1,6,-1,5,1,1,0
483,10,2,1,1,1,11,0,2,2,2,2,2,2,1,4,1,6,2,7,8,1,1,0,1,2,0,1,1,9,3,0,1,0,1,0,1,3,0
484,1,7,2,2,9,6,0,1,1,1,6,1,0,2,1,1,1,2,1,9,0,11,2,2,3,7,1,0,2,7,6,1,6,-1,7,1,0,0
485,0,0,0,0,0,0,0,0,0,0,0,0,0,0,0,0,0,0,0,0,0,0,0,0,0,0,0,0,0,0,0,0,0,0,0,0,0,0
486,2,3,2,2,3,3,0,2,1,0,0,0,0,0,0,0,0,0,0,0,0,0,0,0,0,1,1,1,4,0,1,1,4,2,3,1,0,0
487,-1,6,1,0,1,6,0,1,1,1,6,0,0,0,1,0,6,1,1,1,1,6,0,0,1,0,1,0,0,0,0,0,0,0,0,0,0,0
488,0,0,0,0,0,0,0,0,0,0,0,0,0,0,0,0,0,0,0,0,0,0,0,0,0,0,0,0,0,0,0,0,0,0,0,0,0,0
489,0,0,0,0,0,0,0,0,0,1,7,0,0,0,0,0,0,1,1,1,0,0,0,0,0,0,0,0,1,6,6,0,0,0,14,2,2,1
490,0,0,0,0,0,0,0,0,0,0,0,0,0,0,0,0,0,0,0,0,0,0,0,0,0,0,0,0,0,0,0,0,0,0,0,0,0,0
491,0,1,1,0,1,1,0,0,2,2,6,6,2,2,1,2,1,1,1,1,1,4,4,2,2,6,1,1,2,1,1,0,1,0,1,1,5,2
492,0,0,0,0,0,0,0,0,0,0,0,0,0,0,0,0,0,0,0,0,0,0,0,0,0,0,0,0,0,0,0,0,0,0,0,0,0,0
493,2,2,1,2,1,5,0,2,2,6,2,3,3,0,13,11,0,2,3,10,2,3,2,5,2,4,2,1,4,2,2,12,7,5,11,2,5,4
494,0,0,0,0,0,0,0,0,0,0,0,0,0,0,0,0,0,0,0,0,0,0,0,0,0,0,0,0,0,0,0,0,0,0,0,0,0,0
495,0,0,0,0,0,0,0,0,0,0,0,0,0,0,0,0,0,0,0,0,0,0,0,0,0,0,0,0,0,0,0,0,0,0,0,0,0,0
496,0,0,0,0,0,0,0,0,0,0,0,0,0,0,0,0,0,0,0,0,0,0,0,0,0,0,0,0,0,0,0,0,0,0,0,0,0,0
497,0,0,0,0,0,0,0,0,0,0,0,0,0,0,0,0,0,0,0,0,0,0,0,0,0,0,0,0,0,0,0,0,0,0,0,0,0,0
498,0,0,0,0,0,0,0,0,0,0,0,0,0,0,0,0,0,0,0,0,0,0,0,0,0,0,0,0,0,0,0,0,0,0,0,0,0,0
499,0,0,0,0,0,0,0,0,0,0,0,0,0,0,0,0,0,0,0,0,0,0,0,0,0,0,0,0,0,0,0,0,0,0,0,0,0,0
500,0,0,0,0,0,0,0,0,0,0,0,0,0,0,0,0,0,0,0,0,0,0,0,0,0,0,0,0,0,0,0,0,0,0,0,0,0,0
501,0,2,0,0,0,0,0,0,0,0,0,0,0,0,0,1,0,0,0,0,0,0,0,0,0,0,0,0,0,0,0,0,0,0,0,0,0,0
502,0,0,0,0,0,0,0,0,0,0,0,0,0,0,0,0,0,0,0,0,0,0,0,0,0,0,0,0,0,0,0,0,0,0,0,0,0,0
503,0,0,1,2,3,2,0,2,1,2,3,1,2,1,2,2,5,3,4,3,1,1,1,2,4,1,2,1,0,1,1,1,0,0,1,0,0,0
504,1,1,2,8,5,2,0,0,-2,0,0,0,0,0,1,2,5,9,0,2,0,1,6,0,0,0,0,0,1,9,0,0,1,5,1,0,0,2
505,0,0,0,0,0,0,0,0,0,0,0,1,0,0,1,0,0,1,1,1,3,1,0,1,1,5,3,1,2,0,2,1,3,2,1,2,0,0
506,1,2,3,2,1,2,0,0,3,2,2,2,0,2,2,-1,0,3,3,2,3,3,2,1,3,2,2,0,0,0,0,0,0,0,0,0,0,0
507,1,6,0,0,0,0,0,0,0,0,0,0,0,0,0,0,0,0,0,0,0,0,0,0,0,0,0,1,3,1,1,1,1,1,1,1,5,2
508,0,1,1,1,10,5,0,0,-2,0,2,2,2,0,0,0,0,0,0,0,1,2,0,0,0,0,1,0,12,1,7,1,6,0,0,0,0,0
509,1,0,0,0,0,0,0,0,0,1,0,2,3,2,1,0,0,0,1,0,1,1,1,2,0,1,0,0,1,1,1,1,0,1,1,2,0,2
510,1,6,0,1,1,0,0,1,0,3,0,0,0,0,0,0,0,0,0,0,0,6,0,2,0,5,7,4,1,1,1,2,1,2,2,5,5,6
511,0,0,0,0,0,0,0,0,0,0,0,0,0,0,0,0,0,0,0,0,0,0,0,0,0,0,0,0,0,0,0,0,0,0,0,0,0,0
512,2,7,1,2,1,2,0,1,9,2,2,3,2,2,1,1,0,2,1,0,0,0,1,0,0,0,0,0,0,0,2,0,0,0,0,0,2,0
513,1,0,0,0,0,2,0,1,1,0,0,0,5,1,1,0,6,0,6,1,0,0,0,6,6,2,2,1,8,2,1,0,1,0,5,1,1,2
514,2,2,2,2,6,3,0,0,2,1,0,1,0,0,2,2,2,3,2,3,2,6,1,2,3,-1,0,2,2,2,6,3,0,2,2,3,2,2
515,1,0,1,4,2,1,0,0,0,0,0,0,0,1,1,0,0,0,1,1,0,0,0,1,0,0,0,0,0,0,0,0,0,0,0,0,0,0
516,1,8,1,2,7,9,0,-3,0,0,0,1,0,2,0,1,2,2,2,6,1,0,0,0,0,1,1,0,0,1,0,0,1,0,1,0,2,0
517,0,0,0,0,0,0,0,0,0,0,0,0,0,0,0,0,0,0,0,0,0,0,0,0,0,0,0,0,0,0,0,0,0,0,0,0,0,0
518,0,0,0,0,0,0,0,0,0,0,0,0,0,0,0,0,2,0,0,0,2,0,0,0,0,0,0,0,0,0,0,0,0,0,0,0,1,3
519,2,2,2,3,3,4,0,0,5,2,0,1,3,8,2,13,5,3,6,8,2,0,0,0,0,0,0,0,0,1,3,0,2,3,2,3,14,1
520,6,7,-2,0,1,2,0,0,0,8,0,6,0,0,0,1,6,2,10,1,0,0,0,0,1,8,5,0,9,2,0,0,0,0,0,0,1,0
521,0,1,0,0,0,0,0,0,0,0,0,0,0,0,0,0,0,0,0,0,0,0,0,0,0,0,0,0,0,0,0,0,0,0,0,0,0,0
522,0,0,0,1,0,0,0,0,0,0,1,1,0,0,0,0,0,1,0,0,0,0,0,0,0,0,0,0,0,0,0,0,0,0,0,0,0,0
523,1,7,2,1,1,0,0,0,0,2,2,1,0,0,0,0,1,0,1,0,0,0,0,1,0,0,0,0,6,0,0,0,1,0,1,1,0,1
524,1,3,2,1,2,0,0,6,1,1,0,0,0,1,1,1,1,0,0,1,0,0,0,0,0,0,0,0,0,0,0,0,0,0,0,0,0,0
525,0,0,0,0,0,0,0,0,0,0,0,0,0,0,0,1,0,0,1,0,0,0,0,0,0,0,0,0,0,0,0,0,0,0,0,0,0,0
526,0,14,0,2,2,1,0,1,7,1,6,6,0,11,1,5,1,6,2,7,6,13,2,1,0,1,9,2,3,1,1,2,6,2,2,11,2,6
527,2,6,3,2,0,2,0,1,1,0,1,3,3,1,1,3,1,0,0,0,0,0,0,0,1,0,1,0,0,0,1,0,0,0,0,0,0,0
528,0,4,1,1,0,1,0,1,1,1,1,0,0,1,0,0,1,1,2,1,1,0,0,0,1,1,1,4,1,5,0,0,0,0,0,1,0,0
529,1,1,1,2,0,0,0,0,8,9,2,2,2,0,1,1,0,2,8,1,0,0,0,0,0,0,0,0,0,0,0,0,0,0,0,0,0,0
530,0,1,1,0,0,0,0,0,0,0,0,0,0,0,0,0,0,0,0,2,6,1,0,1,0,0,0,0,0,0,0,0,1,0,0,0,0,0
531,1,0,0,1,0,0,0,0,0,0,0,0,0,0,0,0,0,0,0,0,0,0,0,0,0,0,0,0,0,0,0,0,0,0,0,0,0,0
532,0,1,3,1,0,1,0,0,0,0,0,0,0,0,1,0,0,0,0,0,0,0,0,0,0,0,0,0,0,0,0,0,0,0,0,0,0,0
533,0,-1,2,6,5,2,0,0,-1,2,6,6,1,7,1,2,0,0,1,2,8,3,1,6,0,-1,5,0,11,7,0,0,0,0,0,0,0,0
534,2,2,1,2,2,1,0,0,10,1,1,1,6,1,2,2,4,0,1,0,1,7,2,2,4,4,11,1,2,2,10,3,8,2,21,2,2,3
535,3,2,2,2,3,2,0,1,3,2,2,2,2,5,16,14,0,0,0,0,0,0,1,8,0,0,0,0,8,1,2,2,11,0,0,0,0,0
536,1,3,1,0,0,0,0,0,1,0,1,3,1,0,0,0,1,2,1,3,1,1,1,1,0,0,1,0,8,0,0,2,2,3,2,5,3,2
537,0,0,0,0,0,0,0,0,0,0,0,0,0,0,0,0,0,0,0,0,0,0,0,0,0,0,0,0,0,0,0,0,0,0,0,0,0,0
538,0,0,0,0,0,2,0,5,8,11,1,1,6,0,1,0,1,7,1,2,6,0,1,0,0,0,1,0,8,8,6,1,5,2,2,1,0,0
539,0,0,0,0,0,0,0,0,0,0,0,0,0,0,0,0,0,0,0,0,0,0,0,0,0,0,0,0,0,0,0,0,0,0,0,0,0,0
540,0,0,0,0,0,0,0,0,0,0,0,0,0,0,0,0,0,0,0,0,0,0,0,0,0,0,0,0,0,0,0,0,0,0,0,0,0,0
541,4,0,0,0,0,0,0,0,0,0,0,0,0,0,0,0,0,0,0,0,0,0,0,0,0,0,0,0,0,0,0,0,0,0,0,0,0,0
542,0,0,0,0,0,0,0,0,0,0,0,0,0,0,0,0,0,0,0,0,0,0,0,0,0,0,0,0,0,0,0,0,0,0,0,0,0,0
543,0,0,0,0,0,0,0,0,0,0,0,0,0,0,0,0,0,0,0,0,0,0,0,0,0,0,0,0,0,0,0,0,0,0,0,0,0,0
544,0,0,0,1,0,0,0,0,0,0,0,0,0,0,0,0,0,0,0,0,1,0,0,0,0,0,1,0,0,0,1,0,0,0,0,-1,2,1
545,0,0,0,1,0,1,0,1,1,1,1,0,0,0,0,0,0,1,0,0,6,2,10,1,0,0,2,0,5,0,0,0,0,1,1,1,2,1
546,0,0,0,0,0,0,0,0,0,0,0,1,0,0,1,0,1,0,0,0,0,0,0,0,0,0,0,0,0,0,0,0,0,0,0,0,0,0
547,0,0,0,0,0,1,0,0,0,0,0,0,0,0,0,0,0,0,0,0,0,0,0,0,0,0,0,0,0,0,0,0,0,0,0,0,0,0
548,0,0,0,0,0,0,0,0,0,0,0,0,0,0,0,0,0,0,0,0,0,0,0,0,0,0,0,2,3,4,1,2,2,3,0,1,9,2
549,0,1,0,0,0,0,0,0,1,0,1,6,1,0,0,3,1,0,0,1,1,6,1,1,2,1,0,1,0,1,1,1,1,1,1,0,0,0
550,0,0,0,0,0,0,0,0,0,0,0,0,0,0,0,0,0,0,0,0,0,0,0,0,0,0,0,0,0,0,0,0,0,0,0,0,0,0
551,0,0,0,0,0,0,0,0,0,0,0,0,0,0,0,0,0,0,0,0,0,0,0,0,0,0,0,0,0,0,0,0,0,0,0,0,0,0
552,0,0,0,1,1,1,0,0,1,1,0,1,0,0,1,0,1,0,0,0,0,1,1,1,0,0,0,1,1,1,1,0,1,1,1,2,3,7
553,0,0,0,0,0,0,0,0,0,0,0,0,0,0,0,0,0,0,0,0,0,0,0,0,0,0,0,0,0,0,0,0,0,0,0,0,0,0
554,0,0,0,0,0,0,0,0,0,0,0,0,0,1,0,0,0,2,5,1,0,0,0,0,0,0,0,0,0,0,0,0,0,0,0,0,0,0
555,0,0,0,0,0,0,0,0,0,0,0,0,0,0,0,0,0,0,0,0,0,0,0,0,0,0,0,0,0,0,0,0,0,0,0,0,0,0
556,1,0,0,0,0,0,0,0,0,0,0,0,0,0,0,0,0,0,0,0,0,0,0,0,0,0,0,0,0,0,0,0,0,0,0,0,0,0
557,0,0,0,0,0,0,0,0,0,0,0,0,0,0,0,0,0,0,0,0,0,0,0,0,0,0,0,0,0,0,0,0,0,0,0,0,0,0
558,0,0,0,0,0,0,0,0,0,0,1,6,0,2,1,0,1,6,2,6,1,0,1,2,3,0,0,0,1,0,1,0,7,-1,0,1,0,0
559,1,0,0,1,0,0,0,0,0,0,0,0,0,0,0,1,2,0,2,8,0,0,0,0,0,0,7,0,1,2,0,0,1,0,0,7,12,1
560,0,0,0,0,0,0,0,0,0,0,0,0,0,0,0,0,0,0,0,0,0,0,0,0,0,0,0,0,0,0,0,0,0,0,0,0,0,0
561,0,0,0,0,0,0,0,0,0,0,0,0,0,0,0,0,0,0,0,0,0,0,0,0,0,0,0,0,0,0,0,0,0,0,0,0,0,0
562,1,0,0,0,0,0,0,0,0,0,0,0,0,0,0,0,0,0,1,0,1,1,6,6,7,7,2,0,2,1,0,1,2,2,1,1,1,1
563,0,0,0,0,0,0,0,0,0,0,0,0,0,0,0,0,0,0,0,0,0,0,0,0,0,0,0,0,0,0,0,0,0,0,0,0,0,0
564,0,0,0,1,0,0,0,0,0,0,0,0,0,0,0,0,6,1,0,0,2,2,3,1,3,1,2,0,0,0,0,0,0,0,0,0,0,0
565,0,0,0,0,0,0,0,0,0,0,0,0,0,0,0,0,0,0,0,0,0,0,0,0,0,0,0,0,0,0,0,0,0,0,0,0,0,0
566,0,0,0,0,0,0,0,0,0,1,0,1,0,0,0,0,1,0,1,0,0,0,0,0,0,0,0,0,0,0,0,0,0,0,0,0,0,1
567,0,0,0,0,0,0,0,0,0,0,0,0,0,0,1,0,0,0,0,0,0,0,0,0,0,0,0,0,0,0,0,0,0,0,0,0,0,0
568,1,0,0,0,0,0,0,1,1,1,0,0,1,0,0,0,0,0,0,0,0,0,0,0,0,0,0,0,0,0,0,0,0,0,0,0,0,0
569,1,0,0,0,0,0,0,0,0,0,0,0,0,0,2,5,0,1,4,5,1,2,6,1,0,1,1,0,0,0,0,0,0,0,0,5,2,2
570,0,0,0,0,0,0,0,0,0,1,1,1,0,1,1,0,0,0,0,0,0,0,0,0,0,0,0,0,1,1,5,3,1,2,2,1,1,3
571,0,0,0,0,0,0,0,0,0,0,0,0,0,0,0,0,0,0,0,0,0,0,0,0,0,0,0,0,0,0,0,0,0,0,0,0,0,0
572,0,0,0,0,0,0,0,0,0,0,0,0,0,0,0,0,0,0,0,0,0,0,0,0,0,0,0,0,0,0,0,0,0,0,0,0,0,0
573,0,1,0,0,1,0,0,0,0,1,0,0,0,0,0,0,5,2,1,1,1,2,0,0,2,0,0,0,0,0,0,0,0,0,2,0,8,2
574,0,0,0,0,6,0,0,4,8,3,1,2,1,0,0,0,0,0,0,0,3,3,4,10,0,2,10,3,4,8,3,2,7,3,1,2,3,0
575,0,1,1,0,0,1,0,1,1,0,0,0,0,0,0,0,0,0,0,0,0,0,0,0,0,0,1,0,1,1,1,1,1,1,0,1,0,1
576,0,1,0,-2,0,0,0,2,9,2,1,2,1,1,0,5,1,0,1,1,0,2,8,5,0,7,7,0,4,0,1,0,5,2,0,0,2,1
577,0,4,0,3,2,2,0,3,5,1,2,2,3,2,2,2,2,1,0,9,2,2,2,3,3,2,3,2,2,1,0,0,1,0,3,1,2,3
578,0,0,0,0,0,0,0,0,0,0,0,0,0,0,0,0,0,0,0,0,0,0,0,0,0,0,0,0,0,0,0,0,0,0,2,1,3,1
579,0,1,2,7,3,0,0,2,1,1,0,1,0,1,7,2,1,0,0,0,0,0,0,0,0,0,0,0,0,0,0,0,0,0,0,0,0,0
580,0,0,0,1,1,0,0,1,3,1,0,0,1,0,1,0,0,0,0,1,0,1,0,1,0,2,3,2,3,0,1,1,1,1,1,3,1,2
581,0,0,0,0,0,0,0,0,0,0,0,0,0,0,0,0,0,0,0,0,0,0,0,0,0,0,0,0,0,0,0,0,0,0,0,0,0,0
582,0,0,0,1,2,0,0,2,1,2,2,2,2,2,2,3,2,2,2,3,2,3,2,2,2,2,2,1,3,1,2,2,0,0,0,0,0,0
583,0,0,1,0,2,9,0,0,0,2,2,1,3,2,2,3,0,0,0,0,0,0,0,0,0,0,0,0,1,1,0,0,1,1,1,1,1,1
584,0,0,0,1,0,0,0,0,0,0,0,0,0,0,0,0,0,0,0,0,0,0,0,0,0,0,0,0,0,0,0,0,0,0,0,0,0,0
585,0,0,0,1,0,1,0,1,1,8,1,0,0,1,5,0,1,0,0,0,0,0,1,0,0,1,1,6,7,0,1,1,0,0,0,0,0,1
586,0,0,1,6,4,1,0,0,0,2,1,0,0,7,1,1,2,0,2,6,9,6,7,8,0,6,9,0,7,1,2,0,1,16,0,17,4,1
587,0,0,0,1,1,0,0,1,3,1,0,0,0,0,0,0,0,0,0,0,0,0,0,0,1,0,0,0,0,1,1,0,0,0,0,1,8,2
588,0,0,0,6,0,0,0,2,10,1,3,2,6,1,1,1,1,0,1,0,0,1,2,1,0,0,2,0,12,0,4,1,0,1,6,0,1,1
589,0,0,2,2,3,9,0,1,2,2,3,1,2,1,0,1,1,2,2,3,2,3,2,2,5,3,1,-3,2,10,3,2,3,2,3,2,0,1
590,0,0,0,0,0,0,0,0,0,0,0,0,0,0,0,0,0,0,0,0,0,0,0,0,0,0,3,0,0,0,0,0,0,0,0,0,0,0
591,0,0,0,0,0,0,0,0,0,0,0,0,0,0,0,0,0,0,0,0,0,0,0,0,0,0,0,0,0,0,0,0,0,0,0,0,0,0
592,0,0,0,0,0,0,0,0,0,0,0,0,0,0,0,0,0,0,0,0,0,0,0,0,0,0,0,0,0,0,0,0,0,0,0,0,0,0
593,0,0,0,1,1,1,0,0,1,5,2,2,10,3,2,2,8,2,10,7,0,-1,0,0,0,2,-2,0,0,0,3,0,2,4,2,2,16,2
594,0,0,0,0,7,2,0,9,0,0,0,0,0,0,0,0,0,0,0,8,1,0,2,2,0,1,7,13,8,5,2,13,1,7,2,7,1,2
595,0,0,0,2,2,1,0,0,1,0,0,6,0,0,-1,2,1,6,1,1,0,1,0,0,0,0,0,0,0,1,0,0,12,0,2,0,1,6
596,0,0,0,0,0,0,0,0,0,0,0,0,0,0,0,0,1,5,11,5,6,0,1,2,0,2,3,0,7,1,1,0,0,0,1,3,14,2
597,0,0,0,0,0,0,0,0,0,0,0,0,0,0,0,0,0,0,0,0,0,0,0,0,0,0,0,0,0,0,0,0,0,0,0,0,0,0
598,0,0,0,1,0,0,0,0,0,0,0,0,0,0,0,0,0,0,0,0,0,0,0,0,0,0,0,0,0,0,0,0,0,0,0,0,0,0
599,0,0,0,0,0,0,0,0,0,0,0,0,0,0,0,0,0,0,0,0,0,0,0,0,0,0,0,0,0,0,0,0,0,0,0,0,0,0
600,0,0,0,0,0,0,0,0,0,0,0,0,0,0,0,0,0,0,0,0,0,0,0,0,0,0,0,0,0,0,0,0,0,0,0,0,0,0
601,0,0,0,0,0,0,0,0,0,0,0,0,0,0,0,0,0,0,0,0,0,0,0,0,0,0,0,0,0,0,0,0,0,0,0,0,0,0
602,0,0,0,0,0,0,0,1,0,0,0,0,1,0,0,6,1,1,7,6,3,6,1,2,1,1,0,0,1,0,1,1,5,1,0,3,6,1
603,0,0,0,0,0,2,0,2,3,8,2,0,0,0,5,1,2,2,8,2,2,10,1,0,3,2,4,0,5,0,5,8,8,4,3,0,4,2
604,0,0,0,0,0,0,0,0,0,0,0,0,0,0,0,0,0,0,0,0,0,0,0,0,0,0,0,0,0,0,0,0,0,0,0,0,0,0
605,0,0,0,0,0,0,0,0,0,0,0,0,0,0,0,0,0,0,0,0,0,0,0,0,0,0,0,0,0,0,0,0,0,0,0,0,0,0
606,0,0,0,0,0,0,0,0,0,0,0,0,0,0,0,0,0,0,0,0,0,0,0,0,0,0,0,0,0,0,0,0,0,0,0,0,0,0
607,0,0,0,0,0,0,0,0,0,0,0,0,0,0,0,0,0,0,0,0,0,0,0,0,0,0,0,0,0,0,0,0,0,0,0,0,0,0
608,0,0,0,0,0,1,0,0,0,0,0,0,0,0,0,0,0,0,0,0,0,0,0,0,0,0,0,0,0,0,0,0,0,0,0,0,0,0
609,0,0,0,0,0,6,0,0,7,8,3,3,1,0,0,0,3,3,0,4,1,1,0,0,0,1,3,0,6,1,14,0,2,3,2,6,4,0
610,0,0,0,0,0,0,0,6,1,7,1,0,2,6,2,5,2,2,1,2,6,2,2,0,1,6,9,0,2,2,1,0,2,3,2,6,1,0
611,0,0,0,0,0,1,0,3,1,2,1,1,3,3,1,2,3,5,2,2,2,3,2,3,3,2,3,1,2,1,1,3,2,1,1,1,2,3
612,0,0,0,0,0,0,0,-1,6,1,6,7,5,2,6,6,1,-3,2,1,1,1,1,0,2,2,-2,0,6,2,1,2,2,4,0,1,6,10
613,0,0,0,0,0,0,0,0,0,0,0,0,0,0,0,0,0,0,0,1,0,1,0,0,0,0,0,0,0,0,0,0,0,0,0,0,0,0
614,0,0,0,0,0,1,0,6,0,0,1,3,10,3,2,2,6,2,15,3,2,3,9,2,2,1,0,0,0,2,5,5,0,2,15,3,6,5
615,0,0,0,0,0,0,0,0,0,0,0,0,0,0,0,0,0,0,0,0,0,0,0,0,0,0,0,0,0,0,0,0,0,0,0,0,0,0
616,0,0,0,0,0,0,0,0,0,0,0,0,0,0,0,0,3,3,3,0,0,0,0,0,1,1,0,0,0,0,2,0,0,0,0,0,0,0
617,0,0,0,0,0,0,0,0,9,0,1,1,2,1,1,0,1,1,2,1,1,0,0,0,1,0,0,0,0,1,0,0,1,1,0,0,0,0
618,0,0,0,0,0,1,0,1,1,1,1,1,1,0,2,2,1,0,9,1,1,1,1,3,2,7,0,0,2,1,1,1,1,10,9,9,0,1
619,0,0,0,0,0,0,0,0,0,0,0,0,0,1,4,1,1,1,9,2,2,11,2,1,1,1,4,5,0,0,1,1,0,5,0,0,1,1
620,0,0,0,0,0,0,0,0,0,0,0,0,0,0,0,0,0,0,0,0,0,0,0,0,0,0,0,0,0,0,0,0,0,0,0,0,0,0
621,0,0,0,0,0,0,0,0,0,0,0,0,0,0,0,0,0,0,0,0,0,0,0,0,0,0,0,0,0,0,0,0,0,0,0,0,0,0
622,0,0,0,0,0,0,0,1,0,1,0,1,0,0,1,0,0,0,0,0,0,0,0,0,0,0,0,0,0,0,0,0,0,0,0,0,0,0
623,0,0,0,0,0,0,0,0,1,0,1,8,2,2,1,-1,0,0,1,2,2,0,0,0,0,0,0,0,1,0,0,6,2,0,0,0,0,0
624,0,0,0,0,0,1,0,1,1,0,1,0,1,1,1,1,2,2,1,2,3,2,1,0,0,0,0,0,0,0,1,0,0,0,1,0,0,0
625,0,0,0,0,0,0,0,0,1,1,2,2,2,-1,0,0,1,1,1,0,0,0,1,1,2,1,0,0,1,2,9,1,1,1,1,1,1,0
626,0,0,0,0,0,0,0,0,0,0,0,0,0,0,0,0,0,0,0,0,0,0,0,0,0,0,0,0,0,0,0,0,0,0,0,0,0,0
627,0,0,0,0,0,0,0,0,0,0,0,0,0,0,0,0,0,0,0,0,0,0,0,0,0,0,0,0,0,0,0,0,0,0,0,0,0,0
628,0,0,0,0,0,0,0,0,1,0,0,6,7,0,1,7,1,10,8,8,2,1,0,2,0,1,1,1,0,0,0,0,2,1,1,1,6,2
629,0,0,0,0,0,0,0,1,1,0,1,0,1,2,5,1,0,0,0,0,0,0,0,0,0,0,0,0,0,0,0,0,0,0,0,0,1,1
630,0,0,0,0,0,0,0,1,0,0,0,0,0,0,0,0,0,0,0,0,0,0,0,0,0,0,0,0,0,0,0,0,0,0,0,0,0,0
631,0,0,0,0,0,0,0,0,0,0,0,0,0,0,0,0,0,0,0,0,0,0,0,0,0,0,0,0,0,0,0,0,0,0,0,0,0,0
632,0,0,0,0,0,0,0,0,0,0,0,0,0,0,0,0,0,0,0,0,0,0,0,0,0,0,0,0,0,0,0,0,0,0,0,0,0,0
633,0,0,0,0,0,0,0,0,0,0,0,0,0,0,0,0,0,0,0,0,0,0,0,0,0,0,0,0,0,0,0,0,0,0,0,0,0,0
634,0,0,0,0,0,0,0,0,0,0,0,0,0,0,0,0,0,0,0,0,0,0,0,0,0,0,0,0,0,0,0,0,0,0,0,0,0,0
635,0,0,0,0,0,0,0,0,0,0,0,0,0,0,0,0,0,0,0,0,0,0,0,0,0,0,0,0,0,0,0,0,0,0,0,0,0,0
636,0,0,0,0,0,0,0,0,0,0,0,0,0,0,0,0,0,0,0,0,0,0,0,0,0,0,0,0,0,0,0,0,0,0,0,0,0,0
637,0,0,0,0,0,0,0,0,0,0,0,0,0,0,0,0,0,0,0,0,0,0,0,0,0,0,0,0,0,0,0,0,0,0,0,0,0,0
638,0,0,0,0,0,0,0,0,0,0,0,0,0,0,0,0,0,0,0,0,0,0,0,0,0,0,0,0,0,0,0,0,0,0,0,0,0,0
639,0,0,0,0,0,0,0,0,0,0,0,0,0,0,0,0,0,0,0,0,0,0,0,0,0,0,0,0,0,0,0,0,0,0,0,0,0,0
640,0,0,0,0,0,0,0,0,0,0,0,0,0,0,0,0,0,0,0,0,0,0,0,0,0,0,0,0,0,0,0,0,0,0,0,0,0,0
641,0,0,0,0,0,0,0,0,0,0,0,0,0,0,0,0,0,0,0,0,0,0,0,0,0,0,0,0,0,0,0,0,0,0,0,0,0,0
642,0,0,0,0,0,0,0,0,0,0,0,0,0,0,0,0,0,0,0,0,0,0,0,0,0,0,0,0,0,0,0,0,0,0,0,0,0,0
643,0,0,0,0,0,0,0,0,0,0,0,0,0,0,0,0,0,0,0,0,0,0,0,1,0,0,0,0,0,0,0,0,0,0,0,0,0,0
644,0,0,0,0,0,0,0,0,0,0,0,0,0,0,0,0,0,0,0,0,0,0,0,0,0,0,0,0,0,0,0,0,0,0,0,0,0,0
645,0,0,0,0,0,0,0,0,0,0,0,0,0,0,0,0,0,0,0,0,0,0,0,0,0,0,0,0,0,0,0,0,0,0,0,0,0,0
646,0,0,0,0,0,0,0,0,0,0,0,0,0,0,0,0,0,0,0,0,0,0,0,0,0,0,0,0,0,0,0,0,0,0,0,0,0,0
647,0,0,0,0,0,0,0,0,0,0,0,0,0,0,0,0,0,0,0,0,0,0,0,0,0,0,0,0,0,0,0,0,0,0,0,0,0,0
648,0,0,0,0,0,0,0,0,0,0,0,0,0,0,0,0,0,0,0,0,0,0,0,0,0,0,0,0,0,0,0,0,0,0,0,0,0,0
649,0,0,0,0,0,0,0,0,0,0,0,0,0,0,0,0,0,0,0,0,0,0,0,0,0,0,0,0,0,0,0,0,0,0,0,0,0,0
650,0,0,0,0,0,0,0,0,0,0,0,0,0,0,0,0,0,0,0,0,0,0,0,0,0,0,0,0,0,0,0,0,0,0,0,0,0,0
651,0,0,0,0,0,0,0,0,0,0,0,0,0,0,0,0,0,0,1,0,0,0,0,0,0,0,0,0,0,0,0,0,0,0,0,0,0,0
652,0,0,0,0,0,0,0,0,0,0,0,0,0,0,0,0,0,0,0,0,0,0,0,0,0,0,0,0,0,0,0,0,0,0,0,0,0,0
653,0,0,0,0,0,0,0,0,0,0,0,0,0,0,0,0,0,0,1,0,0,0,0,0,0,0,0,0,0,0,0,0,0,0,0,0,0,0
654,0,0,0,0,0,0,0,0,0,0,0,0,0,0,0,0,0,0,0,0,0,0,0,0,0,0,0,0,0,0,0,0,0,0,0,0,0,0
655,0,0,0,0,0,0,0,0,0,0,0,0,0,0,0,0,0,0,0,0,0,0,0,0,0,0,0,0,0,0,0,0,0,0,0,0,0,0
656,0,0,0,0,0,0,0,0,0,0,0,0,0,0,0,0,0,0,0,0,0,0,0,0,0,0,0,0,0,0,0,0,0,0,0,0,0,0
657,0,0,0,0,0,0,0,0,0,0,0,0,0,0,0,0,0,0,0,0,0,0,0,0,0,0,0,0,0,0,0,0,0,0,0,0,0,0
658,0,0,0,0,0,0,0,0,0,0,0,0,0,0,0,0,0,0,0,0,0,0,0,0,0,0,0,0,0,0,0,0,0,0,0,0,0,0
659,0,0,0,0,0,0,0,0,0,0,0,0,0,0,0,1,0,0,0,0,0,1,0,0,0,1,0,0,0,0,0,0,0,0,0,0,0,0
660,0,0,0,0,0,0,0,0,0,0,0,0,0,0,0,0,0,0,0,0,0,0,0,0,0,0,0,0,0,0,0,0,0,0,0,0,0,0
661,0,0,0,0,0,0,0,0,0,0,0,0,0,0,0,2,0,0,2,3,1,0,0,0,0,0,0,0,0,0,0,0,0,0,0,2,7,2
662,0,0,0,0,0,0,0,0,0,0,0,0,0,0,0,1,1,0,0,0,0,0,0,0,0,0,0,0,0,0,0,0,0,0,0,0,0,0
663,0,0,0,0,0,0,0,0,0,0,0,0,0,0,0,0,0,0,0,0,0,0,0,0,0,0,0,0,0,0,0,0,0,0,0,0,0,0
664,0,0,0,0,0,0,0,0,0,0,0,0,0,0,0,1,0,0,0,0,0,0,0,0,0,0,0,0,0,0,0,0,0,0,0,0,0,0
665,0,0,0,0,0,0,0,0,0,0,0,0,0,0,0,0,1,0,0,1,0,0,0,0,0,0,0,0,0,0,0,0,0,0,0,0,0,0
666,0,0,0,0,0,0,0,0,0,0,0,0,0,0,0,0,0,0,0,0,0,0,0,0,0,0,0,0,0,0,0,0,0,0,0,0,0,0
667,0,0,0,0,0,0,0,0,0,0,0,0,0,0,0,0,0,0,0,0,0,0,0,0,0,0,0,0,0,0,0,0,0,0,0,0,0,0
668,0,0,0,0,0,0,0,0,0,0,0,0,0,0,0,0,0,0,0,0,0,0,0,0,0,0,0,0,0,0,0,0,0,0,0,0,0,0
669,0,0,0,0,0,0,0,0,0,0,0,0,0,0,0,0,1,0,0,0,0,0,0,0,0,0,0,0,0,0,0,0,0,0,0,1,1,0
670,0,0,0,0,0,0,0,0,0,0,0,0,0,0,0,0,0,0,0,0,0,0,0,0,0,0,0,0,0,0,0,0,0,0,0,0,0,0
671,0,0,0,0,0,0,0,0,0,0,0,0,0,0,0,0,0,0,0,0,0,0,0,0,0,0,0,0,0,0,0,0,0,0,0,0,0,0
672,0,0,0,0,0,0,0,0,0,0,0,0,0,0,0,0,0,0,0,0,0,0,0,0,0,0,0,0,0,0,0,0,0,0,0,0,0,0
673,0,0,0,0,0,0,0,0,0,0,0,0,0,0,0,0,0,0,0,0,0,0,0,0,0,0,0,0,0,0,0,0,0,0,0,0,0,0
674,0,0,0,0,0,0,0,0,0,0,0,0,0,0,0,0,0,0,0,0,0,0,0,0,0,0,0,0,0,0,0,0,0,0,0,0,0,0
675,0,0,0,0,0,0,0,0,0,0,0,0,0,0,0,0,0,0,0,0,0,0,0,0,0,0,0,0,0,0,0,0,0,0,0,0,0,0
676,0,0,0,0,0,0,0,0,0,0,0,0,0,0,0,0,0,0,0,0,1,0,0,0,0,0,0,0,0,0,0,0,0,0,0,0,0,0
677,0,0,0,0,0,0,0,0,0,0,0,0,0,0,0,0,0,0,0,0,0,0,0,0,0,0,0,0,0,0,0,0,0,0,0,0,0,1
678,0,0,0,0,0,0,0,0,0,0,0,0,0,0,0,0,0,0,0,0,0,0,0,0,0,0,0,0,0,0,0,0,0,0,0,0,0,0
679,0,0,0,0,0,0,0,0,0,0,0,0,0,0,0,0,0,0,0,0,0,1,0,1,0,4,0,0,1,0,0,0,9,4,1,2,2,1
680,0,0,0,0,0,0,0,0,0,0,0,0,0,0,0,0,0,0,0,2,3,2,8,6,4,14,2,0,3,2,10,1,10,9,3,3,2,6
681,0,0,0,0,0,0,0,0,0,0,0,0,0,0,0,0,0,0,1,1,0,0,1,0,0,0,0,1,1,0,0,0,0,0,0,0,0,0
682,0,0,0,0,0,0,0,0,0,0,0,0,0,0,0,0,0,0,1,2,1,1,1,2,1,1,0,8,2,2,2,8,2,0,2,2,1,0
683,0,0,0,0,0,0,0,0,0,0,0,0,0,0,0,0,0,0,0,0,0,0,0,0,0,0,0,0,0,0,0,0,0,0,0,0,0,0
684,0,0,0,0,0,0,0,0,0,0,0,0,0,0,0,0,0,0,0,0,0,1,0,1,0,0,0,0,0,0,0,0,0,0,0,0,1,0
685,0,0,0,0,0,0,0,0,0,0,0,0,0,0,0,0,0,0,0,0,0,0,0,0,0,0,0,0,0,0,0,0,0,0,0,0,0,0
686,0,0,0,0,0,0,0,0,0,0,0,0,0,0,0,0,0,0,1,1,0,0,2,1,1,0,0,5,1,2,1,0,1,0,0,0,0,1
687,0,0,0,0,0,0,0,0,0,0,0,0,0,0,0,0,0,0,0,0,0,0,0,0,0,0,0,0,0,0,0,0,0,0,0,0,0,0
688,0,0,0,0,0,0,0,0,0,0,0,0,0,0,0,0,0,0,0,1,0,1,0,1,0,4,4,1,1,2,2,2,1,2,1,3,2,1
689,0,0,0,0,0,0,0,0,0,0,0,0,0,0,0,0,0,0,0,8,6,6,1,2,0,6,1,1,0,0,1,0,0,0,7,1,0,0
690,0,0,0,0,0,0,0,0,0,0,0,0,0,0,0,0,0,0,-2,0,0,0,9,2,2,2,1,8,4,2,1,0,1,0,7,1,5,1
691,0,0,0,0,0,0,0,0,0,0,0,0,0,0,0,0,0,0,0,1,7,2,1,1,7,2,1,1,0,0,0,0,0,0,1,1,1,-1
692,0,0,0,0,0,0,0,0,0,0,0,0,0,0,0,0,0,0,0,0,1,0,0,0,0,0,0,0,0,0,0,0,0,0,0,0,0,0
693,0,0,0,0,0,0,0,0,0,0,0,0,0,0,0,0,0,0,0,1,0,1,10,1,0,5,3,1,1,2,2,9,2,2,7,2,1,5
694,0,0,0,0,0,0,0,0,0,0,0,0,0,0,0,0,0,0,0,2,5,1,1,4,1,5,8,6,8,5,10,2,7,2,2,2,1,0
695,0,0,0,0,0,0,0,0,0,0,0,0,0,0,0,0,0,0,0,0,0,0,0,0,0,0,0,0,0,0,0,0,0,0,0,0,0,0
696,0,0,0,0,0,0,0,0,0,0,0,0,0,0,0,0,0,0,0,0,0,0,0,0,0,0,0,0,0,0,0,0,0,0,0,0,0,0
697,0,0,0,0,0,0,0,0,0,0,0,0,0,0,0,0,0,0,0,0,0,0,0,0,0,0,0,0,0,0,0,0,0,0,0,0,0,0
698,0,0,0,0,0,0,0,0,0,0,0,0,0,0,0,0,0,0,0,1,1,3,-2,0,4,1,2,2,1,2,3,4,3,2,3,2,1,2
699,0,0,0,0,0,0,0,0,0,0,0,0,0,0,0,0,0,0,0,0,1,1,2,1,1,0,5,0,2,1,5,0,1,1,1,0,3,0
700,0,0,0,0,0,0,0,0,0,0,0,0,0,0,0,0,0,0,0,0,0,2,1,1,1,2,1,0,1,1,1,0,0,0,0,0,0,4
701,0,0,0,0,0,0,0,0,0,0,0,0,0,0,0,0,0,0,0,2,2,2,5,2,0,1,1,0,2,1,0,0,1,1,1,1,1,1
702,0,0,0,0,0,0,0,0,0,0,0,0,0,0,0,0,0,0,0,0,0,0,0,0,0,0,0,0,0,0,0,0,0,0,0,0,0,0
703,0,0,0,0,0,0,0,0,0,0,0,0,0,0,0,0,0,0,0,0,1,0,0,1,0,0,0,0,6,2,2,2,9,10,10,2,3,0
704,0,0,0,0,0,0,0,0,0,0,0,0,0,0,0,0,0,0,0,0,1,1,2,1,10,3,0,1,0,1,3,1,0,0,0,0,3,0
705,0,0,0,0,0,0,0,0,0,0,0,0,0,0,0,0,0,0,0,0,5,2,7,1,1,2,6,2,3,1,8,1,1,2,2,2,1,2
706,0,0,0,0,0,0,0,0,0,0,0,0,0,0,0,0,0,0,0,0,0,0,0,0,0,0,0,0,0,0,0,0,0,0,0,0,0,0
707,0,0,0,0,0,0,0,0,0,0,0,0,0,0,0,0,0,0,0,0,0,0,0,0,0,0,0,0,0,0,0,0,0,0,0,0,0,0
708,0,0,0,0,0,0,0,0,0,0,0,0,0,0,0,0,0,0,0,0,0,1,2,2,0,1,0,0,1,0,0,0,1,8,2,2,3,3
709,0,0,0,0,0,0,0,0,0,0,0,0,0,0,0,0,0,0,0,0,0,1,2,1,2,0,0,0,1,2,0,5,2,0,0,0,0,0
710,0,0,0,0,0,0,0,0,0,0,0,0,0,0,0,0,0,0,0,0,0,0,0,0,0,0,0,1,0,1,0,0,0,2,6,1,2,13
711,0,0,0,0,0,0,0,0,0,0,0,0,0,0,0,0,0,0,0,0,0,1,1,1,0,1,1,1,1,0,0,0,0,1,1,1,1,0
712,0,0,0,0,0,0,0,0,0,0,0,0,0,0,0,0,0,0,0,0,0,0,0,0,1,0,0,0,0,0,0,0,0,0,0,0,0,0
713,0,0,0,0,0,0,0,0,0,0,0,0,0,0,0,0,0,0,0,0,0,0,1,0,0,0,0,0,0,1,6,1,1,1,1,1,2,0
714,0,0,0,0,0,0,0,0,0,0,0,0,0,0,0,0,0,0,0,0,0,2,1,1,0,2,1,1,2,1,0,0,0,6,1,0,0,0
715,0,0,0,0,0,0,0,0,0,0,0,0,0,0,0,0,0,0,0,0,0,8,2,2,2,2,1,2,1,1,0,2,2,0,1,1,0,0
716,0,0,0,0,0,0,0,0,0,0,0,0,0,0,0,0,0,0,0,0,0,1,2,0,0,0,1,0,0,0,0,0,0,0,0,0,0,0
717,0,0,0,0,0,0,0,0,0,0,0,0,0,0,0,0,0,0,0,0,0,0,0,0,0,0,0,0,0,0,0,0,0,0,0,3,3,0
718,0,0,0,0,0,0,0,0,0,0,0,0,0,0,0,0,0,0,0,0,0,1,0,1,0,0,1,1,0,0,7,1,5,2,7,0,1,1
719,0,0,0,0,0,0,0,0,0,0,0,0,0,0,0,0,0,0,0,0,0,0,0,0,0,0,0,0,1,0,0,0,0,1,0,0,0,1
720,0,0,0,0,0,0,0,0,0,0,0,0,0,0,0,0,0,0,0,0,0,2,1,1,3,2,1,1,3,1,2,1,2,2,1,2,5,1
721,0,0,0,0,0,0,0,0,0,0,0,0,0,0,0,0,0,0,0,0,0,0,8,0,1,0,0,1,0,2,2,2,0,1,0,0,2,2
722,0,0,0,0,0,0,0,0,0,0,0,0,0,0,0,0,0,0,0,0,0,0,0,0,0,0,0,0,1,0,0,0,1,0,0,1,2,2
723,0,0,0,0,0,0,0,0,0,0,0,0,0,0,0,0,0,0,0,0,0,3,2,3,2,0,0,1,3,0,0,0,0,0,0,0,0,0
724,0,0,0,0,0,0,0,0,0,0,0,0,0,0,0,0,0,0,0,0,0,3,6,2,2,3,5,2,4,2,1,0,2,2,2,2,2,2
725,0,0,0,0,0,0,0,0,0,0,0,0,0,0,0,0,0,0,0,0,0,1,1,1,0,0,2,1,0,0,0,0,0,0,0,0,0,1
726,0,0,0,0,0,0,0,0,0,0,0,0,0,0,0,0,0,0,0,0,0,0,1,0,1,1,2,0,1,0,1,1,0,3,1,1,0,2
727,0,0,0,0,0,0,0,0,0,0,0,0,0,0,0,0,0,0,0,0,0,-1,4,1,2,2,1,2,1,0,1,0,0,0,0,1,6,0
728,0,0,0,0,0,0,0,0,0,0,0,0,0,0,0,0,0,0,0,0,0,2,3,3,0,1,0,0,8,3,0,0,0,4,1,0,0,0
729,0,0,0,0,0,0,0,0,0,0,0,0,0,0,0,0,0,0,0,0,0,9,1,4,0,1,2,0,4,1,2,1,3,3,1,2,9,0
730,0,0,0,0,0,0,0,0,0,0,0,0,0,0,0,0,0,0,0,0,0,0,1,2,0,0,4,1,2,1,1,1,1,0,1,1,9,0
731,0,0,0,0,0,0,0,0,0,0,0,0,0,0,0,0,0,0,0,0,0,1,2,1,3,3,5,0,1,2,2,1,1,6,1,1,1,14
732,0,0,0,0,0,0,0,0,0,0,0,0,0,0,0,0,0,0,0,0,0,1,2,1,2,0,2,0,1,0,1,1,0,0,1,2,0,0
733,0,0,0,0,0,0,0,0,0,0,0,0,0,0,0,0,0,0,0,0,0,0,1,0,1,6,5,7,2,2,1,-1,7,1,12,1,1,13
734,0,0,0,0,0,0,0,0,0,0,0,0,0,0,0,0,0,0,0,0,0,1,1,1,1,1,-1,2,1,1,0,1,1,0,0,0,0,1
735,0,0,0,0,0,0,0,0,0,0,0,0,0,0,0,0,0,0,0,0,0,0,0,0,0,0,0,0,0,0,0,0,0,0,0,0,0,0
736,0,0,0,0,0,0,0,0,0,0,0,0,0,0,0,0,0,0,0,0,0,0,0,0,0,0,0,0,0,0,0,0,1,0,0,0,0,0
737,0,0,0,0,0,0,0,0,0,0,0,0,0,0,0,0,0,0,0,0,0,0,0,0,0,0,0,0,0,0,0,0,0,0,0,0,0,0
738,0,0,0,0,0,0,0,0,0,0,0,0,0,0,0,0,0,0,0,0,0,0,0,0,0,0,0,0,0,0,0,0,0,0,0,0,0,0
739,0,0,0,0,0,0,0,0,0,0,0,0,0,0,0,0,0,0,0,0,0,0,0,0,0,0,0,0,0,0,0,0,0,0,0,0,0,0
740,0,0,0,0,0,0,0,0,0,0,0,0,0,0,0,0,0,0,0,0,0,0,0,0,0,0,0,0,0,0,0,0,0,0,0,0,0,0
741,0,0,0,0,0,0,0,0,0,0,0,0,0,0,0,0,0,0,0,0,0,0,0,0,0,0,0,0,0,0,0,0,0,0,0,0,0,1
742,0,0,0,0,0,0,0,0,0,0,0,0,0,0,0,0,0,0,0,0,0,0,0,0,0,0,0,0,0,0,0,0,0,0,0,0,0,0
743,0,0,0,0,0,0,0,0,0,0,0,0,0,0,0,0,0,0,0,0,0,0,0,0,0,0,0,0,0,0,0,0,0,0,0,0,0,0
744,0,0,0,0,0,0,0,0,0,0,0,0,0,0,0,0,0,0,0,0,0,0,0,0,0,0,0,0,0,0,0,0,0,0,0,0,0,0
745,0,0,0,0,0,0,0,0,0,0,0,0,0,0,0,0,0,0,0,0,0,0,0,0,0,0,0,0,0,0,0,0,0,0,0,0,0,0
746,0,0,0,0,0,0,0,0,0,0,0,0,0,0,0,0,0,0,0,0,0,0,0,0,0,0,0,0,0,0,0,0,0,0,0,0,0,0
747,0,0,0,0,0,0,0,0,0,0,0,0,0,0,0,0,0,0,0,0,0,0,0,0,0,0,0,0,0,0,0,0,0,0,0,0,0,0
748,0,0,0,0,0,0,0,0,0,0,0,0,0,0,0,0,0,0,0,0,0,0,0,0,0,0,0,0,0,0,0,0,0,0,0,0,0,0
749,0,0,0,0,0,0,0,0,0,0,0,0,0,0,0,0,0,0,0,0,0,0,0,0,0,0,0,0,0,0,0,0,0,0,0,0,0,0
750,0,0,0,0,0,0,0,0,0,0,0,0,0,0,0,0,0,0,0,0,0,0,0,0,0,0,0,0,0,0,0,0,0,0,0,0,0,0
751,0,0,0,0,0,0,0,0,0,0,0,0,0,0,0,0,0,0,0,0,0,0,0,0,0,0,0,0,0,0,0,0,0,0,0,0,0,0
752,0,0,0,0,0,0,0,0,0,0,0,0,0,0,0,0,0,0,0,0,0,0,0,0,0,0,0,0,0,0,0,0,0,0,0,0,0,0
753,0,0,0,0,0,0,0,0,0,0,0,0,0,0,0,0,0,0,0,0,0,0,0,0,0,0,0,0,0,0,0,0,0,0,0,0,0,0
754,0,0,0,0,0,0,0,0,0,0,0,0,0,0,0,0,0,0,0,0,0,0,0,0,0,0,0,0,0,0,0,0,0,0,0,0,0,0
755,0,0,0,0,0,0,0,0,0,0,0,0,0,0,0,0,0,0,0,0,0,0,0,0,0,0,0,0,0,0,0,0,0,0,0,0,0,0
756,0,0,0,0,0,0,0,0,0,0,0,0,0,0,0,0,0,0,0,0,0,0,0,0,0,0,0,0,0,0,0,0,0,0,0,0,0,0
757,0,0,0,0,0,0,0,0,0,0,0,0,0,0,0,0,0,0,0,0,0,0,0,0,0,0,0,0,0,0,0,0,0,0,0,0,0,0
758,0,0,0,0,0,0,0,0,0,0,0,0,0,0,0,0,0,0,0,0,0,0,0,0,0,0,0,0,0,0,0,0,0,0,0,0,0,1
759,0,0,0,0,0,0,0,0,0,0,0,0,0,0,0,0,0,0,0,0,0,0,0,0,0,0,0,0,0,0,0,0,0,0,0,0,0,0
760,0,0,0,0,0,0,0,0,0,0,0,0,0,0,0,0,0,0,0,0,0,0,0,0,0,0,0,0,0,0,0,0,0,0,0,0,0,0
761,0,0,0,0,0,0,0,0,0,0,0,0,0,0,0,0,0,0,0,0,0,0,0,0,0,0,0,0,0,0,0,0,0,0,0,0,0,0
762,0,0,0,0,0,0,0,0,0,0,0,0,0,0,0,0,0,0,0,0,0,0,0,0,0,0,0,0,0,0,0,0,0,0,0,1,0,0
763,0,0,0,0,0,0,0,0,0,0,0,0,0,0,0,0,0,0,0,0,0,0,0,0,0,0,0,0,0,0,0,0,0,0,0,0,0,0
764,0,0,0,0,0,0,0,0,0,0,0,0,0,0,0,0,0,0,0,0,0,0,0,0,0,0,0,0,0,0,0,0,0,0,0,0,0,1
765,0,0,0,0,0,0,0,0,0,0,0,0,0,0,0,0,0,0,0,0,0,0,0,0,0,0,0,0,0,0,0,0,0,0,0,0,0,0
766,0,0,0,0,0,0,0,0,0,0,0,0,0,0,0,0,0,0,0,0,0,0,0,0,0,0,0,0,0,0,0,0,0,0,0,0,0,0
767,0,0,0,0,0,0,0,0,0,0,0,0,0,0,0,0,0,0,0,0,0,0,0,0,0,0,0,0,0,0,0,0,0,0,0,0,0,0
768,0,0,0,0,0,0,0,0,0,0,0,0,0,0,0,0,0,0,0,0,0,0,0,0,0,0,0,0,0,0,0,0,0,0,0,0,0,0
769,0,0,0,0,0,0,0,0,0,0,0,0,0,0,0,0,0,0,0,0,0,0,0,0,0,0,0,0,0,0,0,0,0,0,0,0,1,0
770,0,0,0,0,0,0,0,0,0,0,0,0,0,0,0,0,0,0,0,0,0,0,0,0,0,0,0,0,0,0,0,0,0,0,0,0,1,1
771,0,0,0,0,0,0,0,0,0,0,0,0,0,0,0,0,0,0,0,0,0,0,0,0,0,0,0,0,0,0,0,0,0,0,0,0,0,0
772,0,0,0,0,0,0,0,0,0,0,0,0,0,0,0,0,0,0,0,0,0,0,0,0,0,0,0,0,0,0,0,0,0,0,0,0,0,0
773,0,0,0,0,0,0,0,0,0,0,0,0,0,0,0,0,0,0,0,0,0,0,0,0,0,0,0,0,0,0,0,0,0,0,0,0,0,1
774,0,0,0,0,0,0,0,0,0,0,0,0,0,0,0,0,0,0,0,0,0,0,0,0,0,0,0,0,0,0,0,0,0,0,0,0,0,0
775,0,0,0,0,0,0,0,0,0,0,0,0,0,0,0,0,0,0,0,0,0,0,0,0,0,0,0,0,0,0,0,0,0,0,0,0,0,0
776,0,0,0,0,0,0,0,0,0,0,0,0,0,0,0,0,0,0,0,0,0,0,0,0,0,0,0,0,0,0,0,0,0,0,0,0,0,0
777,0,0,0,0,0,0,0,0,0,0,0,0,0,0,0,0,0,0,0,0,0,0,0,0,0,0,0,0,0,0,0,0,0,0,0,0,0,0
778,0,0,0,0,0,0,0,0,0,0,0,0,0,0,0,0,0,0,0,0,0,0,0,0,0,0,0,0,0,0,0,0,0,0,0,0,0,1
